<tracks version="KAT 1.0">
<trackCollection>
<timeInterval>
 <time name="START" format="dd MMM yyyy HH:mm:ss" zone="0">26 MAY 2000 12:01:40.800</time>
<time name="END" format="dd MMM yyyy HH:mm:ss" zone="0">26 MAY 2000 12:01:40.800</time>
</timeInterval>
<time name="AVERAGE" format="dd MMM yyyy HH:mm:ss" zone="0">26 MAY 2000 12:01:40.800</time>
<rbr halfHgt="7145.89" halfWid="7853.24" sinAng="0.996195" cosAng="0.087156">
<pt d="3">-1.319770 0.769241 0.00</pt>
</rbr>
<tracker id="KAT"></tracker>
<projection type="GEODETIC"></projection>
<track trackId="5E461" quality="1" transit="CONSTRAINED" classification="WHEELED">
<status> <confirmed/></status>
<normalEstimate>
<position>
<pt d="3">-1.319638 0.768291 217.24</pt>
<covMatrix nRows="2" nCols="2" type="UPPER_TRIANGULAR">
70.295517 27.300745 74.743477 
</covMatrix>
</position>
<velocity vType="VECTOR">
<pt d="3">23.806217 -21.945768 0.00</pt>
<covMatrix nRows="2" nCols="2" type="UPPER_TRIANGULAR">
55.320637 -50.076321 47.161983 
</covMatrix>
</velocity>
</normalEstimate>
<truth id="unknown" application="unknown">
 <acceleration>
<pt d="3">0.000000 0.000000 0.00</pt>
</acceleration>
<position>
<pt d="3">-1.319638 0.768290 217.17</pt>
</position>
<velocity vType="VECTOR">
<pt d="3">21.010000 -19.370001 0.83</pt>
</velocity>
</truth>
<time name="UPDATE" format="dd MMM yyyy HH:mm:ss" zone="0">26 MAY 2000 12:01:40.400</time>
</track>
<track trackId="AJ766" quality="1" transit="CONSTRAINED" classification="WHEELED">
<status> <confirmed/></status>
<normalEstimate>
<position>
<pt d="3">-1.320087 0.769211 205.00</pt>
<covMatrix nRows="2" nCols="2" type="UPPER_TRIANGULAR">
30.939167 -38.905151 78.058693 
</covMatrix>
</position>
<velocity vType="VECTOR">
<pt d="3">23.633106 13.317167 0.00</pt>
<covMatrix nRows="2" nCols="2" type="UPPER_TRIANGULAR">
1.596998 0.336510 1.189438 
</covMatrix>
</velocity>
</normalEstimate>
<truth id="unknown" application="unknown">
 <acceleration>
<pt d="3">0.000000 0.000000 0.00</pt>
</acceleration>
<position>
<pt d="3">-1.320087 0.769211 204.98</pt>
</position>
<velocity vType="VECTOR">
<pt d="3">22.660000 12.760000 0.30</pt>
</velocity>
</truth>
<time name="UPDATE" format="dd MMM yyyy HH:mm:ss" zone="0">26 MAY 2000 12:01:40.400</time>
</track>
<track trackId="AQ473" quality="1" transit="CONSTRAINED" classification="WHEELED">
<status> <confirmed/></status>
<normalEstimate>
<position>
<pt d="3">-1.319041 0.769116 205.72</pt>
<covMatrix nRows="2" nCols="2" type="UPPER_TRIANGULAR">
10.138457 0.109666 99.957298 
</covMatrix>
</position>
<velocity vType="VECTOR">
<pt d="3">24.353943 -0.029735 0.00</pt>
<covMatrix nRows="2" nCols="2" type="UPPER_TRIANGULAR">
0.313869 0.000837 0.999573 
</covMatrix>
</velocity>
</normalEstimate>
<truth id="unknown" application="unknown">
 <acceleration>
<pt d="3">0.000000 0.000000 0.00</pt>
</acceleration>
<position>
<pt d="3">-1.319042 0.769116 205.78</pt>
</position>
<velocity vType="VECTOR">
<pt d="3">24.200001 -0.020000 0.49</pt>
</velocity>
</truth>
<time name="UPDATE" format="dd MMM yyyy HH:mm:ss" zone="0">26 MAY 2000 12:01:40.199</time>
</track>
<track trackId="AT002" quality="1" transit="CONSTRAINED" classification="WHEELED">
<status> <confirmed/></status>
<normalEstimate>
<position>
<pt d="3">-1.319220 0.768738 236.24</pt>
<covMatrix nRows="2" nCols="2" type="UPPER_TRIANGULAR">
51.314438 -44.968899 57.989700 
</covMatrix>
</position>
<velocity vType="VECTOR">
<pt d="3">15.783010 14.654995 0.00</pt>
<covMatrix nRows="2" nCols="2" type="UPPER_TRIANGULAR">
0.610120 -0.359644 0.663506 
</covMatrix>
</velocity>
</normalEstimate>
<truth id="unknown" application="unknown">
 <acceleration>
<pt d="3">0.000000 0.000000 0.00</pt>
</acceleration>
<position>
<pt d="3">-1.319218 0.768740 236.16</pt>
</position>
<velocity vType="VECTOR">
<pt d="3">14.300000 13.270000 0.98</pt>
</velocity>
</truth>
<time name="UPDATE" format="dd MMM yyyy HH:mm:ss" zone="0">26 MAY 2000 12:01:40.199</time>
</track>
<track trackId="DA441" quality="1" transit="CONSTRAINED" classification="WHEELED">
<status> <confirmed/></status>
<normalEstimate>
<position>
<pt d="3">-1.320401 0.769000 199.50</pt>
<covMatrix nRows="2" nCols="2" type="UPPER_TRIANGULAR">
79.319054 -36.665821 34.819645 
</covMatrix>
</position>
<velocity vType="VECTOR">
<pt d="3">20.165529 35.824871 0.00</pt>
<covMatrix nRows="2" nCols="2" type="UPPER_TRIANGULAR">
3.405168 4.273624 8.591844 
</covMatrix>
</velocity>
</normalEstimate>
<truth id="unknown" application="unknown">
 <acceleration>
<pt d="3">0.000000 0.000000 0.00</pt>
</acceleration>
<position>
<pt d="3">-1.320401 0.769000 199.51</pt>
</position>
<velocity vType="VECTOR">
<pt d="3">10.860000 19.299999 -0.43</pt>
</velocity>
</truth>
<time name="UPDATE" format="dd MMM yyyy HH:mm:ss" zone="0">26 MAY 2000 12:01:40.600</time>
</track>
<track trackId="EA521" quality="1" transit="CONSTRAINED" classification="WHEELED">
<status> <confirmed/></status>
<normalEstimate>
<position>
<pt d="3">-1.319813 0.769586 193.52</pt>
<covMatrix nRows="2" nCols="2" type="UPPER_TRIANGULAR">
86.861557 -30.049597 30.710667 
</covMatrix>
</position>
<velocity vType="VECTOR">
<pt d="3">-8.743650 -20.135328 0.00</pt>
<covMatrix nRows="2" nCols="2" type="UPPER_TRIANGULAR">
16.730204 36.226387 84.423088 
</covMatrix>
</velocity>
</normalEstimate>
<truth id="unknown" application="unknown">
 <acceleration>
<pt d="3">0.000000 0.000000 0.00</pt>
</acceleration>
<position>
<pt d="3">-1.319813 0.769585 193.51</pt>
</position>
<velocity vType="VECTOR">
<pt d="3">-7.930000 -18.260000 0.58</pt>
</velocity>
</truth>
<time name="UPDATE" format="dd MMM yyyy HH:mm:ss" zone="0">26 MAY 2000 12:01:40.199</time>
</track>
<track trackId="KM562" quality="1" transit="CONSTRAINED" classification="WHEELED">
<status> <confirmed/></status>
<normalEstimate>
<position>
<pt d="3">-1.320292 0.770116 183.26</pt>
<covMatrix nRows="2" nCols="2" type="UPPER_TRIANGULAR">
75.935326 -38.702114 37.722954 
</covMatrix>
</position>
<velocity vType="VECTOR">
<pt d="3">18.238708 29.344107 0.00</pt>
<covMatrix nRows="2" nCols="2" type="UPPER_TRIANGULAR">
0.752355 -0.398281 0.359113 
</covMatrix>
</velocity>
</normalEstimate>
<truth id="unknown" application="unknown">
 <acceleration>
<pt d="3">0.000000 0.000000 0.00</pt>
</acceleration>
<position>
<pt d="3">-1.320292 0.770116 183.26</pt>
</position>
<velocity vType="VECTOR">
<pt d="3">18.240000 29.350000 -0.20</pt>
</velocity>
</truth>
<time name="UPDATE" format="dd MMM yyyy HH:mm:ss" zone="0">26 MAY 2000 12:01:40.400</time>
</track>
<track trackId="KQ071" quality="1" transit="CONSTRAINED" classification="WHEELED">
<status> <confirmed/></status>
<normalEstimate>
<position>
<pt d="3">-1.320548 0.768422 208.77</pt>
<covMatrix nRows="2" nCols="2" type="UPPER_TRIANGULAR">
100.485863 -2.467003 111.520462 
</covMatrix>
</position>
<velocity vType="VECTOR">
<pt d="3">-4.985268 23.362289 0.00</pt>
<covMatrix nRows="2" nCols="2" type="UPPER_TRIANGULAR">
1.215002 -1.009457 5.730177 
</covMatrix>
</velocity>
</normalEstimate>
<truth id="unknown" application="unknown">
 <acceleration>
<pt d="3">0.000000 0.000000 0.00</pt>
</acceleration>
<position>
<pt d="3">-1.320548 0.768420 208.57</pt>
</position>
<velocity vType="VECTOR">
<pt d="3">-4.690000 22.010000 -0.43</pt>
</velocity>
</truth>
<time name="UPDATE" format="dd MMM yyyy HH:mm:ss" zone="0">26 MAY 2000 12:01:40.600</time>
</track>
<track trackId="LR040" quality="1" transit="CONSTRAINED" classification="WHEELED">
<status> <confirmed/></status>
<normalEstimate>
<position>
<pt d="3">-1.319972 0.769188 199.56</pt>
<covMatrix nRows="2" nCols="2" type="UPPER_TRIANGULAR">
142.886902 -103.012665 347.298981 
</covMatrix>
</position>
<velocity vType="VECTOR">
<pt d="3">-10.554778 25.340515 0.00</pt>
<covMatrix nRows="2" nCols="2" type="UPPER_TRIANGULAR">
9.937002 -21.456942 52.514858 
</covMatrix>
</velocity>
</normalEstimate>
<truth id="unknown" application="unknown">
 <acceleration>
<pt d="3">0.000000 0.000000 0.00</pt>
</acceleration>
<position>
<pt d="3">-1.319973 0.769188 199.66</pt>
</position>
<velocity vType="VECTOR">
<pt d="3">-7.380000 17.730000 -0.23</pt>
</velocity>
</truth>
<time name="UPDATE" format="dd MMM yyyy HH:mm:ss" zone="0">26 MAY 2000 12:01:40.400</time>
</track>
<track trackId="LR727" quality="1" transit="CONSTRAINED" classification="WHEELED">
<status> <confirmed/></status>
<normalEstimate>
<position>
<pt d="3">-1.320131 0.769180 211.18</pt>
<covMatrix nRows="2" nCols="2" type="UPPER_TRIANGULAR">
53.293781 -44.782051 56.996021 
</covMatrix>
</position>
<velocity vType="VECTOR">
<pt d="3">24.313606 23.329336 0.00</pt>
<covMatrix nRows="2" nCols="2" type="UPPER_TRIANGULAR">
12.540332 11.073488 11.624861 
</covMatrix>
</velocity>
</normalEstimate>
<truth id="unknown" application="unknown">
 <acceleration>
<pt d="3">0.000000 0.000000 0.00</pt>
</acceleration>
<position>
<pt d="3">-1.320130 0.769180 211.16</pt>
</position>
<velocity vType="VECTOR">
<pt d="3">7.560000 7.260000 -0.18</pt>
</velocity>
</truth>
<time name="UPDATE" format="dd MMM yyyy HH:mm:ss" zone="0">26 MAY 2000 12:01:40.400</time>
</track>
<track trackId="PP640" quality="1" transit="CONSTRAINED" classification="WHEELED">
<status> <confirmed/></status>
<normalEstimate>
<position>
<pt d="3">-1.320110 0.769195 207.86</pt>
<covMatrix nRows="2" nCols="2" type="UPPER_TRIANGULAR">
52.894711 -45.164967 56.628605 
</covMatrix>
</position>
<velocity vType="VECTOR">
<pt d="3">14.303817 13.724767 0.00</pt>
<covMatrix nRows="2" nCols="2" type="UPPER_TRIANGULAR">
0.619439 -0.364821 0.649599 
</covMatrix>
</velocity>
</normalEstimate>
<truth id="unknown" application="unknown">
 <acceleration>
<pt d="3">0.000000 0.000000 0.00</pt>
</acceleration>
<position>
<pt d="3">-1.320109 0.769196 207.81</pt>
</position>
<velocity vType="VECTOR">
<pt d="3">13.560000 13.010000 -0.33</pt>
</velocity>
</truth>
<time name="UPDATE" format="dd MMM yyyy HH:mm:ss" zone="0">26 MAY 2000 12:01:40.400</time>
</track>
<track trackId="VG422" quality="1" transit="CONSTRAINED" classification="WHEELED">
<status> <confirmed/></status>
<normalEstimate>
<position>
<pt d="3">-1.319910 0.769115 198.75</pt>
<covMatrix nRows="2" nCols="2" type="UPPER_TRIANGULAR">
109.777893 -32.423241 206.577316 
</covMatrix>
</position>
<velocity vType="VECTOR">
<pt d="3">-3.226573 10.613790 0.00</pt>
<covMatrix nRows="2" nCols="2" type="UPPER_TRIANGULAR">
1.646520 -2.129311 8.003568 
</covMatrix>
</velocity>
</normalEstimate>
<truth id="unknown" application="unknown">
 <acceleration>
<pt d="3">0.000000 0.000000 0.00</pt>
</acceleration>
<position>
<pt d="3">-1.319910 0.769117 198.94</pt>
</position>
<velocity vType="VECTOR">
<pt d="3">-3.050000 10.040000 -0.29</pt>
</velocity>
</truth>
<time name="UPDATE" format="dd MMM yyyy HH:mm:ss" zone="0">26 MAY 2000 12:01:40.400</time>
</track>
<track trackId="W1650" quality="1" transit="CONSTRAINED" classification="WHEELED">
<status> <confirmed/></status>
<normalEstimate>
<position>
<pt d="3">-1.320315 0.770088 183.89</pt>
<covMatrix nRows="2" nCols="2" type="UPPER_TRIANGULAR">
75.928452 -38.713181 37.705147 
</covMatrix>
</position>
<velocity vType="VECTOR">
<pt d="3">15.974487 25.701220 0.00</pt>
<covMatrix nRows="2" nCols="2" type="UPPER_TRIANGULAR">
0.752434 -0.398154 0.359319 
</covMatrix>
</velocity>
</normalEstimate>
<truth id="unknown" application="unknown">
 <acceleration>
<pt d="3">0.000000 0.000000 0.00</pt>
</acceleration>
<position>
<pt d="3">-1.320314 0.770088 183.91</pt>
</position>
<velocity vType="VECTOR">
<pt d="3">15.820000 25.459999 -0.17</pt>
</velocity>
</truth>
<time name="UPDATE" format="dd MMM yyyy HH:mm:ss" zone="0">26 MAY 2000 12:01:40.400</time>
</track>
<track trackId="YJ420" quality="1" transit="CONSTRAINED" classification="WHEELED">
<status> <confirmed/></status>
<normalEstimate>
<position>
<pt d="3">-1.319836 0.769884 187.64</pt>
<covMatrix nRows="2" nCols="2" type="UPPER_TRIANGULAR">
98.060539 -11.319714 33.177086 
</covMatrix>
</position>
<velocity vType="VECTOR">
<pt d="3">4.037732 23.828074 0.00</pt>
<covMatrix nRows="2" nCols="2" type="UPPER_TRIANGULAR">
0.973382 -0.155826 0.080205 
</covMatrix>
</velocity>
</normalEstimate>
<truth id="unknown" application="unknown">
 <acceleration>
<pt d="3">0.000000 0.000000 0.00</pt>
</acceleration>
<position>
<pt d="3">-1.319835 0.769886 187.89</pt>
</position>
<velocity vType="VECTOR">
<pt d="3">4.000000 23.629999 -0.30</pt>
</velocity>
</truth>
<time name="UPDATE" format="dd MMM yyyy HH:mm:ss" zone="0">26 MAY 2000 12:01:40.199</time>
</track>
<track trackId="1T013" quality="1" transit="CONSTRAINED" classification="WHEELED">
<status> <confirmed/> <extrapolated/></status>
<normalEstimate>
<position>
<pt d="3">-1.319665 0.769057 208.76</pt>
<covMatrix nRows="2" nCols="2" type="UPPER_TRIANGULAR">
831.468811 9934.626953 135026.765625 
</covMatrix>
</position>
<velocity vType="VECTOR">
<pt d="3">-2.548645 -34.614323 0.00</pt>
<covMatrix nRows="2" nCols="2" type="UPPER_TRIANGULAR">
1.466901 6.343302 87.151161 
</covMatrix>
</velocity>
</normalEstimate>
<time name="UPDATE" format="dd MMM yyyy HH:mm:ss" zone="0">26 MAY 2000 12:00:40.399</time>
</track>
<track trackId="74054" quality="1" transit="CONSTRAINED" classification="WHEELED">
<status> <confirmed/> <extrapolated/></status>
<normalEstimate>
<position>
<pt d="3">-1.319665 0.769060 208.91</pt>
<covMatrix nRows="2" nCols="2" type="UPPER_TRIANGULAR">
105.678749 77.336487 1150.327148 
</covMatrix>
</position>
<velocity vType="VECTOR">
<pt d="3">-2.570227 -34.907448 0.00</pt>
<covMatrix nRows="2" nCols="2" type="UPPER_TRIANGULAR">
1.098867 1.344865 19.265081 
</covMatrix>
</velocity>
</normalEstimate>
<time name="UPDATE" format="dd MMM yyyy HH:mm:ss" zone="0">26 MAY 2000 12:01:30.399</time>
</track>
<track trackId="JG664" quality="1" transit="CONSTRAINED" classification="WHEELED">
<status> <confirmed/> <extrapolated/></status>
<normalEstimate>
<position>
<pt d="3">-1.319091 0.768407 235.14</pt>
<covMatrix nRows="2" nCols="2" type="UPPER_TRIANGULAR">
31309.082031 -42125.824219 56776.843750 
</covMatrix>
</position>
<velocity vType="VECTOR">
<pt d="3">5.286640 -7.120949 0.00</pt>
<covMatrix nRows="2" nCols="2" type="UPPER_TRIANGULAR">
13.302588 -17.452267 23.853600 
</covMatrix>
</velocity>
</normalEstimate>
<time name="UPDATE" format="dd MMM yyyy HH:mm:ss" zone="0">26 MAY 2000 12:00:20.400</time>
</track>
<track trackId="34305" quality="1" transit="CONSTRAINED" classification="WHEELED">
<status> <confirmed/> <extrapolated/></status>
<normalEstimate>
<position>
<pt d="3">-1.319869 0.769645 195.05</pt>
<covMatrix nRows="2" nCols="2" type="UPPER_TRIANGULAR">
1995.026611 89.609146 104.148956 
</covMatrix>
</position>
<velocity vType="VECTOR">
<pt d="3">-25.937551 -1.226439 0.00</pt>
<covMatrix nRows="2" nCols="2" type="UPPER_TRIANGULAR">
22.756773 1.028795 1.047764 
</covMatrix>
</velocity>
</normalEstimate>
<time name="UPDATE" format="dd MMM yyyy HH:mm:ss" zone="0">26 MAY 2000 12:01:30.199</time>
</track>
<track trackId="F4652" quality="1" transit="CONSTRAINED" classification="WHEELED">
<status> <confirmed/> <extrapolated/></status>
<normalEstimate>
<position>
<pt d="3">-1.319894 0.768496 211.60</pt>
<covMatrix nRows="2" nCols="2" type="UPPER_TRIANGULAR">
1745.875610 -1646.773682 1631.090820 
</covMatrix>
</position>
<velocity vType="VECTOR">
<pt d="3">13.621939 -13.155465 0.00</pt>
<covMatrix nRows="2" nCols="2" type="UPPER_TRIANGULAR">
8.061489 -7.392272 7.546227 
</covMatrix>
</velocity>
</normalEstimate>
<time name="UPDATE" format="dd MMM yyyy HH:mm:ss" zone="0">26 MAY 2000 12:01:20.600</time>
</track>
<track trackId="AR362" quality="1" transit="CONSTRAINED" classification="WHEELED">
<status> <confirmed/> <extrapolated/></status>
<normalEstimate>
<position>
<pt d="3">-1.320005 0.769228 206.37</pt>
<covMatrix nRows="2" nCols="2" type="UPPER_TRIANGULAR">
1.087630 0.798118 0.591842 
</covMatrix>
</position>
<velocity vType="VECTOR">
<pt d="3">0.203779 0.150088 0.00</pt>
<covMatrix nRows="2" nCols="2" type="UPPER_TRIANGULAR">
0.001558 0.001118 0.000864 
</covMatrix>
</velocity>
</normalEstimate>
<time name="UPDATE" format="dd MMM yyyy HH:mm:ss" zone="0">26 MAY 2000 12:01:00.399</time>
</track>
<track trackId="YZ030" quality="1" transit="CONSTRAINED" classification="WHEELED">
<status> <confirmed/> <extrapolated/> <screened/></status>
<normalEstimate>
<position>
<pt d="3">-1.320040 0.768516 213.59</pt>
<covMatrix nRows="2" nCols="2" type="UPPER_TRIANGULAR">
37.946938 -47.421989 59.407043 
</covMatrix>
</position>
<velocity vType="VECTOR">
<pt d="3">0.397198 -0.497111 0.00</pt>
<covMatrix nRows="2" nCols="2" type="UPPER_TRIANGULAR">
0.020861 -0.025405 0.032358 
</covMatrix>
</velocity>
</normalEstimate>
<time name="UPDATE" format="dd MMM yyyy HH:mm:ss" zone="0">26 MAY 2000 12:00:30.599</time>
</track>
<track trackId="76363" quality="1" transit="CONSTRAINED" classification="WHEELED">
<status> <confirmed/> <extrapolated/></status>
<normalEstimate>
<position>
<pt d="3">-1.320599 0.768207 210.43</pt>
<covMatrix nRows="2" nCols="2" type="UPPER_TRIANGULAR">
1498.537720 -3181.079102 6778.955078 
</covMatrix>
</position>
<velocity vType="VECTOR">
<pt d="3">2.147401 -4.572958 0.00</pt>
<covMatrix nRows="2" nCols="2" type="UPPER_TRIANGULAR">
0.843147 -1.694460 3.655858 
</covMatrix>
</velocity>
</normalEstimate>
<time name="UPDATE" format="dd MMM yyyy HH:mm:ss" zone="0">26 MAY 2000 12:00:30.799</time>
</track>
<track trackId="3W351" quality="1" transit="CONSTRAINED" classification="WHEELED">
<status> <confirmed/> <extrapolated/></status>
<normalEstimate>
<position>
<pt d="3">-1.320373 0.770118 181.88</pt>
<covMatrix nRows="2" nCols="2" type="UPPER_TRIANGULAR">
51432.308594 151050.156250 444188.125000 
</covMatrix>
</position>
<velocity vType="VECTOR">
<pt d="3">8.669924 25.491941 0.00</pt>
<covMatrix nRows="2" nCols="2" type="UPPER_TRIANGULAR">
62.193455 181.116989 533.128052 
</covMatrix>
</velocity>
</normalEstimate>
<time name="UPDATE" format="dd MMM yyyy HH:mm:ss" zone="0">26 MAY 2000 12:00:50.400</time>
</track>
<track trackId="4L106" quality="1" transit="CONSTRAINED" classification="WHEELED">
<status> <confirmed/> <extrapolated/> <screened/></status>
<normalEstimate>
<position>
<pt d="3">-1.320367 0.768922 206.29</pt>
<covMatrix nRows="2" nCols="2" type="UPPER_TRIANGULAR">
627.630127 -1135.241089 2054.197754 
</covMatrix>
</position>
<velocity vType="VECTOR">
<pt d="3">0.853503 -1.544256 0.00</pt>
<covMatrix nRows="2" nCols="2" type="UPPER_TRIANGULAR">
0.527378 -0.950795 1.722167 
</covMatrix>
</velocity>
</normalEstimate>
<time name="UPDATE" format="dd MMM yyyy HH:mm:ss" zone="0">26 MAY 2000 12:00:40.599</time>
</track>
<track trackId="2D352" quality="1" transit="CONSTRAINED" classification="WHEELED">
<status> <confirmed/> <extrapolated/></status>
<normalEstimate>
<position>
<pt d="3">-1.318895 0.769059 212.34</pt>
<covMatrix nRows="2" nCols="2" type="UPPER_TRIANGULAR">
134.464478 1515.000244 42524.972656 
</covMatrix>
</position>
<velocity vType="VECTOR">
<pt d="3">1.122144 31.438227 0.00</pt>
<covMatrix nRows="2" nCols="2" type="UPPER_TRIANGULAR">
0.867147 1.772312 50.457382 
</covMatrix>
</velocity>
</normalEstimate>
<time name="UPDATE" format="dd MMM yyyy HH:mm:ss" zone="0">26 MAY 2000 12:00:50.200</time>
</track>
<track trackId="G4732" quality="1" transit="CONSTRAINED" classification="WHEELED">
<status> <confirmed/> <extrapolated/> <screened/></status>
<normalEstimate>
<position>
<pt d="3">-1.319667 0.768275 225.19</pt>
<covMatrix nRows="2" nCols="2" type="UPPER_TRIANGULAR">
1072.349976 -1469.133789 2024.871216 
</covMatrix>
</position>
<velocity vType="VECTOR">
<pt d="3">4.156822 -5.717340 0.00</pt>
<covMatrix nRows="2" nCols="2" type="UPPER_TRIANGULAR">
1.049570 -1.385708 1.948002 
</covMatrix>
</velocity>
</normalEstimate>
<time name="UPDATE" format="dd MMM yyyy HH:mm:ss" zone="0">26 MAY 2000 12:00:50.400</time>
</track>
<track trackId="UE033" quality="1" transit="CONSTRAINED" classification="WHEELED">
<status> <confirmed/> <extrapolated/></status>
<normalEstimate>
<position>
<pt d="3">-1.319665 0.769062 208.99</pt>
<covMatrix nRows="2" nCols="2" type="UPPER_TRIANGULAR">
245.310913 1973.745483 26906.333984 
</covMatrix>
</position>
<velocity vType="VECTOR">
<pt d="3">-2.514068 -34.144722 0.00</pt>
<covMatrix nRows="2" nCols="2" type="UPPER_TRIANGULAR">
1.264139 3.589506 49.750584 
</covMatrix>
</velocity>
</normalEstimate>
<time name="UPDATE" format="dd MMM yyyy HH:mm:ss" zone="0">26 MAY 2000 12:01:00.399</time>
</track>
<track trackId="ZB353" quality="1" transit="CONSTRAINED" classification="WHEELED">
<status> <confirmed/> <extrapolated/></status>
<normalEstimate>
<position>
<pt d="3">-1.320110 0.769196 207.89</pt>
<covMatrix nRows="2" nCols="2" type="UPPER_TRIANGULAR">
280.291412 173.026215 265.986908 
</covMatrix>
</position>
<velocity vType="VECTOR">
<pt d="3">13.747488 13.190959 0.00</pt>
<covMatrix nRows="2" nCols="2" type="UPPER_TRIANGULAR">
7.082641 5.836736 6.600104 
</covMatrix>
</velocity>
</normalEstimate>
<time name="UPDATE" format="dd MMM yyyy HH:mm:ss" zone="0">26 MAY 2000 12:01:30.399</time>
</track>
<track trackId="NV265" quality="1" transit="CONSTRAINED" classification="WHEELED">
<status> <confirmed/> <extrapolated/></status>
<normalEstimate>
<position>
<pt d="3">-1.320862 0.769724 172.23</pt>
<covMatrix nRows="2" nCols="2" type="UPPER_TRIANGULAR">
75.538452 633.431580 6118.499512 
</covMatrix>
</position>
<velocity vType="VECTOR">
<pt d="3">-0.912026 -8.795333 0.00</pt>
<covMatrix nRows="2" nCols="2" type="UPPER_TRIANGULAR">
0.167467 0.664596 6.507741 
</covMatrix>
</velocity>
</normalEstimate>
<time name="UPDATE" format="dd MMM yyyy HH:mm:ss" zone="0">26 MAY 2000 12:00:50.600</time>
</track>
<track trackId="VB604" quality="1" transit="CONSTRAINED" classification="WHEELED">
<status> <confirmed/> <extrapolated/> <screened/></status>
<normalEstimate>
<position>
<pt d="3">-1.320064 0.768451 215.52</pt>
<covMatrix nRows="2" nCols="2" type="UPPER_TRIANGULAR">
2307.697754 5147.088867 11626.891602 
</covMatrix>
</position>
<velocity vType="VECTOR">
<pt d="3">-4.776995 -10.768270 0.00</pt>
<covMatrix nRows="2" nCols="2" type="UPPER_TRIANGULAR">
3.754034 7.913237 18.081549 
</covMatrix>
</velocity>
</normalEstimate>
<time name="UPDATE" format="dd MMM yyyy HH:mm:ss" zone="0">26 MAY 2000 12:01:10.599</time>
</track>
<track trackId="4N415" quality="1" transit="CONSTRAINED" classification="WHEELED">
<status> <confirmed/> <extrapolated/></status>
<normalEstimate>
<position>
<pt d="3">-1.319951 0.769961 183.40</pt>
<covMatrix nRows="2" nCols="2" type="UPPER_TRIANGULAR">
5035.670410 -3167.378174 2132.413330 
</covMatrix>
</position>
<velocity vType="VECTOR">
<pt d="3">-24.436596 15.681309 0.00</pt>
<covMatrix nRows="2" nCols="2" type="UPPER_TRIANGULAR">
144.435349 -92.045380 60.065441 
</covMatrix>
</velocity>
</normalEstimate>
<time name="UPDATE" format="dd MMM yyyy HH:mm:ss" zone="0">26 MAY 2000 12:01:30.199</time>
</track>
<track trackId="33416" quality="1" transit="CONSTRAINED" classification="WHEELED">
<status> <confirmed/> <extrapolated/></status>
<normalEstimate>
<position>
<pt d="3">-1.319969 0.768461 214.95</pt>
<covMatrix nRows="2" nCols="2" type="UPPER_TRIANGULAR">
101.869041 25.009666 430.649628 
</covMatrix>
</position>
<velocity vType="VECTOR">
<pt d="3">-2.230356 -29.489256 0.00</pt>
<covMatrix nRows="2" nCols="2" type="UPPER_TRIANGULAR">
1.065540 0.869533 12.496547 
</covMatrix>
</velocity>
</normalEstimate>
<time name="UPDATE" format="dd MMM yyyy HH:mm:ss" zone="0">26 MAY 2000 12:01:30.599</time>
</track>
<track trackId="5L166" quality="1" transit="CONSTRAINED" classification="WHEELED">
<status> <confirmed/> <extrapolated/></status>
<normalEstimate>
<position>
<pt d="3">-1.319812 0.769592 193.27</pt>
<covMatrix nRows="2" nCols="2" type="UPPER_TRIANGULAR">
31128.474609 460.979431 23.802387 
</covMatrix>
</position>
<velocity vType="VECTOR">
<pt d="3">-8.271006 -0.122552 0.00</pt>
<covMatrix nRows="2" nCols="2" type="UPPER_TRIANGULAR">
102.451530 1.515511 0.192176 
</covMatrix>
</velocity>
</normalEstimate>
<time name="UPDATE" format="dd MMM yyyy HH:mm:ss" zone="0">26 MAY 2000 12:01:10.199</time>
</track>
<track trackId="PD315" quality="1" transit="CONSTRAINED" classification="WHEELED">
<status> <confirmed/> <extrapolated/></status>
<normalEstimate>
<position>
<pt d="3">-1.320007 0.769229 207.52</pt>
<covMatrix nRows="2" nCols="2" type="UPPER_TRIANGULAR">
183183.531250 -5045.877930 238.898697 
</covMatrix>
</position>
<velocity vType="VECTOR">
<pt d="3">36.647682 -1.010028 0.00</pt>
<covMatrix nRows="2" nCols="2" type="UPPER_TRIANGULAR">
602.473389 -16.576954 1.455187 
</covMatrix>
</velocity>
</normalEstimate>
<time name="UPDATE" format="dd MMM yyyy HH:mm:ss" zone="0">26 MAY 2000 12:01:10.399</time>
</track>
<track trackId="3D432" quality="1" transit="CONSTRAINED" classification="WHEELED">
<status> <confirmed/> <extrapolated/></status>
<normalEstimate>
<position>
<pt d="3">-1.319636 0.768289 217.14</pt>
<covMatrix nRows="2" nCols="2" type="UPPER_TRIANGULAR">
764.366150 -612.528564 664.570312 
</covMatrix>
</position>
<velocity vType="VECTOR">
<pt d="3">21.837101 -20.130539 0.00</pt>
<covMatrix nRows="2" nCols="2" type="UPPER_TRIANGULAR">
11.405735 -9.593354 9.842743 
</covMatrix>
</velocity>
</normalEstimate>
<time name="UPDATE" format="dd MMM yyyy HH:mm:ss" zone="0">26 MAY 2000 12:01:30.399</time>
</track>
<track trackId="HP042" quality="1" transit="CONSTRAINED" classification="WHEELED">
<status> <confirmed/> <extrapolated/></status>
<normalEstimate>
<position>
<pt d="3">-1.320191 0.768962 190.98</pt>
<covMatrix nRows="2" nCols="2" type="UPPER_TRIANGULAR">
5.878256 4.954803 14.191028 
</covMatrix>
</position>
<velocity vType="VECTOR">
<pt d="3">-1.640916 -3.518309 0.00</pt>
<covMatrix nRows="2" nCols="2" type="UPPER_TRIANGULAR">
0.111156 0.161843 0.382683 
</covMatrix>
</velocity>
</normalEstimate>
<time name="UPDATE" format="dd MMM yyyy HH:mm:ss" zone="0">26 MAY 2000 12:01:30.399</time>
</track>
<track trackId="CZ536" quality="1" transit="UNCONSTRAINED" type="FLIER" classification="WHEELED">
<status> <confirmed/></status>
<normalEstimate>
<position>
<pt d="3">-1.320590 0.768511 208.22</pt>
<covMatrix nRows="2" nCols="2" type="UPPER_TRIANGULAR">
73.720551 -149.133804 352.284302 
</covMatrix>
</position>
<velocity vType="VECTOR">
<pt d="3">-25.016275 63.604805 0.00</pt>
<covMatrix nRows="2" nCols="2" type="UPPER_TRIANGULAR">
18808.431641 8169.612793 3548.592529 
</covMatrix>
</velocity>
</normalEstimate>
<truth id="unknown" application="unknown">
 <acceleration>
<pt d="3">0.000000 0.000000 0.00</pt>
</acceleration>
<position>
<pt d="3">-1.320596 0.768522 210.18</pt>
</position>
<velocity vType="VECTOR">
<pt d="3">-7.190000 11.610000 -0.48</pt>
</velocity>
</truth>
<time name="UPDATE" format="dd MMM yyyy HH:mm:ss" zone="0">26 MAY 2000 12:01:40.600</time>
</track>
<track trackId="EH115" quality="1" transit="UNCONSTRAINED" type="FLIER" classification="WHEELED">
<status> <confirmed/> <dropped/> <extrapolated/></status>
<normalEstimate>
<position>
<pt d="3">-1.319551 0.768116 149.71</pt>
<covMatrix nRows="2" nCols="2" type="UPPER_TRIANGULAR">
42904492.000000 13981480.000000 20620382.000000 
</covMatrix>
</position>
<velocity vType="VECTOR">
<pt d="3">24.311852 -51.951450 0.00</pt>
<covMatrix nRows="2" nCols="2" type="UPPER_TRIANGULAR">
40404.078125 8744.556641 26466.734375 
</covMatrix>
</velocity>
</normalEstimate>
<time name="UPDATE" format="dd MMM yyyy HH:mm:ss" zone="0">26 MAY 2000 12:01:00.399</time>
</track>
<track trackId="NX574" quality="1" transit="UNCONSTRAINED" type="FLIER" classification="WHEELED">
<status> <confirmed/></status>
<normalEstimate>
<position>
<pt d="3">-1.319950 0.769960 183.16</pt>
<covMatrix nRows="2" nCols="2" type="UPPER_TRIANGULAR">
62.081543 -137.374939 364.117462 
</covMatrix>
</position>
<velocity vType="VECTOR">
<pt d="3">-69.415344 44.545181 0.00</pt>
<covMatrix nRows="2" nCols="2" type="UPPER_TRIANGULAR">
19456.433594 7525.457031 2910.779541 
</covMatrix>
</velocity>
</normalEstimate>
<truth id="unknown" application="unknown">
 <acceleration>
<pt d="3">0.000000 0.000000 0.00</pt>
</acceleration>
<position>
<pt d="3">-1.319951 0.769961 183.40</pt>
</position>
<velocity vType="VECTOR">
<pt d="3">-24.389999 15.650000 -1.06</pt>
</velocity>
</truth>
<time name="UPDATE" format="dd MMM yyyy HH:mm:ss" zone="0">26 MAY 2000 12:01:40.199</time>
</track>
<track trackId="QX203" quality="1" transit="UNCONSTRAINED" type="FLIER" classification="WHEELED">
<status> <confirmed/> <extrapolated/></status>
<normalEstimate>
<position>
<pt d="3">-1.318666 0.769248 220.98</pt>
<covMatrix nRows="2" nCols="2" type="UPPER_TRIANGULAR">
9486162.000000 3150621.500000 2903432.750000 
</covMatrix>
</position>
<velocity vType="VECTOR">
<pt d="3">30.332251 56.394344 0.00</pt>
<covMatrix nRows="2" nCols="2" type="UPPER_TRIANGULAR">
30611.300781 7732.260254 14455.956055 
</covMatrix>
</velocity>
</normalEstimate>
<time name="UPDATE" format="dd MMM yyyy HH:mm:ss" zone="0">26 MAY 2000 12:01:20.200</time>
</track>
<track trackId="21027" quality="1" transit="UNCONSTRAINED" type="FLIER" classification="WHEELED">
<status> <confirmed/> <extrapolated/></status>
<normalEstimate>
<position>
<pt d="3">-1.320408 0.770402 176.45</pt>
<covMatrix nRows="2" nCols="2" type="UPPER_TRIANGULAR">
22452444.000000 7569436.000000 9204741.000000 
</covMatrix>
</position>
<velocity vType="VECTOR">
<pt d="3">34.365269 52.053513 0.00</pt>
<covMatrix nRows="2" nCols="2" type="UPPER_TRIANGULAR">
35515.609375 8418.397461 20782.089844 
</covMatrix>
</velocity>
</normalEstimate>
<time name="UPDATE" format="dd MMM yyyy HH:mm:ss" zone="0">26 MAY 2000 12:01:10.399</time>
</track>
<track trackId="CY116" quality="1" transit="UNCONSTRAINED" type="FLIER" classification="WHEELED">
<status> <confirmed/> <extrapolated/></status>
<normalEstimate>
<position>
<pt d="3">-1.319254 0.769617 226.02</pt>
<covMatrix nRows="2" nCols="2" type="UPPER_TRIANGULAR">
9450291.000000 3189356.500000 2940885.000000 
</covMatrix>
</position>
<velocity vType="VECTOR">
<pt d="3">-0.073532 47.666836 0.00</pt>
<covMatrix nRows="2" nCols="2" type="UPPER_TRIANGULAR">
30523.835938 7827.323242 14548.441406 
</covMatrix>
</velocity>
</normalEstimate>
<time name="UPDATE" format="dd MMM yyyy HH:mm:ss" zone="0">26 MAY 2000 12:01:20.200</time>
</track>
<track trackId="NA726" quality="1" transit="UNCONSTRAINED" type="FLIER" classification="WHEELED">
<status> <confirmed/> <extrapolated/></status>
<normalEstimate>
<position>
<pt d="3">-1.319253 0.769581 216.00</pt>
<covMatrix nRows="2" nCols="2" type="UPPER_TRIANGULAR">
2173500.250000 785870.375000 466725.343750 
</covMatrix>
</position>
<velocity vType="VECTOR">
<pt d="3">-0.069533 45.074821 0.00</pt>
<covMatrix nRows="2" nCols="2" type="UPPER_TRIANGULAR">
24344.789062 7575.352539 7892.429688 
</covMatrix>
</velocity>
</normalEstimate>
<time name="UPDATE" format="dd MMM yyyy HH:mm:ss" zone="0">26 MAY 2000 12:01:30.199</time>
</track>
<track trackId="WJ260" quality="1" transit="UNCONSTRAINED" type="FLIER" classification="WHEELED">
<status> <confirmed/> <extrapolated/></status>
<normalEstimate>
<position>
<pt d="3">-1.318702 0.768946 227.99</pt>
<covMatrix nRows="2" nCols="2" type="UPPER_TRIANGULAR">
23082662.000000 7398154.000000 9071740.000000 
</covMatrix>
</position>
<velocity vType="VECTOR">
<pt d="3">35.766060 44.700573 0.00</pt>
<covMatrix nRows="2" nCols="2" type="UPPER_TRIANGULAR">
35937.511719 8119.235352 20560.976562 
</covMatrix>
</velocity>
</normalEstimate>
<time name="UPDATE" format="dd MMM yyyy HH:mm:ss" zone="0">26 MAY 2000 12:01:10.199</time>
</track>
<track trackId="0C323" quality="1" transit="UNCONSTRAINED" type="FLIER" classification="WHEELED">
<status> <confirmed/> <extrapolated/></status>
<normalEstimate>
<position>
<pt d="3">-1.319438 0.769447 234.42</pt>
<covMatrix nRows="2" nCols="2" type="UPPER_TRIANGULAR">
9449684.000000 3189822.000000 2941347.750000 
</covMatrix>
</position>
<velocity vType="VECTOR">
<pt d="3">-47.050617 6.227821 0.00</pt>
<covMatrix nRows="2" nCols="2" type="UPPER_TRIANGULAR">
30522.292969 7828.465820 14549.524414 
</covMatrix>
</velocity>
</normalEstimate>
<time name="UPDATE" format="dd MMM yyyy HH:mm:ss" zone="0">26 MAY 2000 12:01:20.200</time>
</track>
<track trackId="R2021" quality="1" transit="UNCONSTRAINED" type="FLIER" classification="WHEELED">
<status> <confirmed/> <extrapolated/></status>
<normalEstimate>
<position>
<pt d="3">-1.319626 0.769262 174.52</pt>
<covMatrix nRows="2" nCols="2" type="UPPER_TRIANGULAR">
2149785.750000 810815.937500 490395.437500 
</covMatrix>
</position>
<velocity vType="VECTOR">
<pt d="3">54.112808 -105.861664 0.00</pt>
<covMatrix nRows="2" nCols="2" type="UPPER_TRIANGULAR">
24116.148438 7815.813965 8120.550293 
</covMatrix>
</velocity>
</normalEstimate>
<time name="UPDATE" format="dd MMM yyyy HH:mm:ss" zone="0">26 MAY 2000 12:01:30.199</time>
</track>
<track trackId="EM733" quality="1" transit="UNCONSTRAINED" type="FLIER" classification="WHEELED">
<status> <confirmed/> <extrapolated/></status>
<normalEstimate>
<position>
<pt d="3">-1.320379 0.769442 176.28</pt>
<covMatrix nRows="2" nCols="2" type="UPPER_TRIANGULAR">
2035724.125000 804955.000000 492634.875000 
</covMatrix>
</position>
<velocity vType="VECTOR">
<pt d="3">22.277166 -47.842758 0.00</pt>
<covMatrix nRows="2" nCols="2" type="UPPER_TRIANGULAR">
23724.431641 8073.289062 8248.031250 
</covMatrix>
</velocity>
</normalEstimate>
<time name="UPDATE" format="dd MMM yyyy HH:mm:ss" zone="0">26 MAY 2000 12:01:30.399</time>
</track>
<track trackId="6V151" quality="1" transit="UNCONSTRAINED" type="FLIER" classification="WHEELED">
<status> <confirmed/> <extrapolated/></status>
<normalEstimate>
<position>
<pt d="3">-1.320322 0.769936 213.85</pt>
<covMatrix nRows="2" nCols="2" type="UPPER_TRIANGULAR">
2152194.250000 808803.687500 488385.687500 
</covMatrix>
</position>
<velocity vType="VECTOR">
<pt d="3">-131.064148 -18.737623 0.00</pt>
<covMatrix nRows="2" nCols="2" type="UPPER_TRIANGULAR">
24139.773438 7796.416992 8101.585938 
</covMatrix>
</velocity>
</normalEstimate>
<time name="UPDATE" format="dd MMM yyyy HH:mm:ss" zone="0">26 MAY 2000 12:01:30.199</time>
</track>
<track trackId="3Y660" quality="1" transit="UNCONSTRAINED" type="FLIER" classification="WHEELED">
<status> <confirmed/> <extrapolated/></status>
<normalEstimate>
<position>
<pt d="3">-1.320807 0.768809 250.89</pt>
<covMatrix nRows="2" nCols="2" type="UPPER_TRIANGULAR">
8742624.000000 3338869.500000 3081440.000000 
</covMatrix>
</position>
<velocity vType="VECTOR">
<pt d="3">-57.545475 9.945490 0.00</pt>
<covMatrix nRows="2" nCols="2" type="UPPER_TRIANGULAR">
29520.632812 8528.935547 15059.488281 
</covMatrix>
</velocity>
</normalEstimate>
<time name="UPDATE" format="dd MMM yyyy HH:mm:ss" zone="0">26 MAY 2000 12:01:20.600</time>
</track>
<track trackId="X2617" quality="1" transit="UNCONSTRAINED" type="FLIER" classification="WHEELED">
<status> <confirmed/> <extrapolated/></status>
<normalEstimate>
<position>
<pt d="3">-1.319109 0.768582 183.36</pt>
<covMatrix nRows="2" nCols="2" type="UPPER_TRIANGULAR">
9358264.000000 3277686.250000 3030024.500000 
</covMatrix>
</position>
<velocity vType="VECTOR">
<pt d="3">39.659626 -39.187008 0.00</pt>
<covMatrix nRows="2" nCols="2" type="UPPER_TRIANGULAR">
30296.939453 8044.102539 14766.166016 
</covMatrix>
</velocity>
</normalEstimate>
<time name="UPDATE" format="dd MMM yyyy HH:mm:ss" zone="0">26 MAY 2000 12:01:20.200</time>
</track>
<track trackId="1S124" quality="1" transit="UNCONSTRAINED" type="FLIER" classification="WHEELED">
<status> <confirmed/> <extrapolated/></status>
<normalEstimate>
<position>
<pt d="3">-1.319265 0.769697 227.99</pt>
<covMatrix nRows="2" nCols="2" type="UPPER_TRIANGULAR">
9457302.000000 3182497.750000 2934166.000000 
</covMatrix>
</position>
<velocity vType="VECTOR">
<pt d="3">-1.085101 49.294567 0.00</pt>
<covMatrix nRows="2" nCols="2" type="UPPER_TRIANGULAR">
30541.144531 7810.490234 14532.056641 
</covMatrix>
</velocity>
</normalEstimate>
<time name="UPDATE" format="dd MMM yyyy HH:mm:ss" zone="0">26 MAY 2000 12:01:20.200</time>
</track>
<track trackId="E0505" quality="1" transit="UNCONSTRAINED" type="FLIER" classification="WHEELED">
<status> <confirmed/> <extrapolated/></status>
<normalEstimate>
<position>
<pt d="3">-1.318722 0.768869 227.13</pt>
<covMatrix nRows="2" nCols="2" type="UPPER_TRIANGULAR">
2171461.750000 787300.312500 468113.218750 
</covMatrix>
</position>
<velocity vType="VECTOR">
<pt d="3">56.418385 72.617065 0.00</pt>
<covMatrix nRows="2" nCols="2" type="UPPER_TRIANGULAR">
24324.472656 7589.136230 7905.141113 
</covMatrix>
</velocity>
</normalEstimate>
<time name="UPDATE" format="dd MMM yyyy HH:mm:ss" zone="0">26 MAY 2000 12:01:30.199</time>
</track>
<track trackId="VT634" quality="1" transit="UNCONSTRAINED" type="FLIER" classification="WHEELED">
<status> <confirmed/> <extrapolated/></status>
<normalEstimate>
<position>
<pt d="3">-1.319914 0.769215 257.91</pt>
<covMatrix nRows="2" nCols="2" type="UPPER_TRIANGULAR">
22419128.000000 7588584.500000 9227109.000000 
</covMatrix>
</position>
<velocity vType="VECTOR">
<pt d="3">-15.961388 84.671188 0.00</pt>
<covMatrix nRows="2" nCols="2" type="UPPER_TRIANGULAR">
35476.890625 8439.694336 20805.298828 
</covMatrix>
</velocity>
</normalEstimate>
<time name="UPDATE" format="dd MMM yyyy HH:mm:ss" zone="0">26 MAY 2000 12:01:10.399</time>
</track>
<track trackId="JA270" quality="1" transit="UNCONSTRAINED" type="FLIER" classification="WHEELED">
<status> <confirmed/> <extrapolated/></status>
<normalEstimate>
<position>
<pt d="3">-1.321033 0.768538 208.73</pt>
<covMatrix nRows="2" nCols="2" type="UPPER_TRIANGULAR">
1822227.750000 781918.750000 490119.687500 
</covMatrix>
</position>
<velocity vType="VECTOR">
<pt d="3">-51.426506 -17.435307 0.00</pt>
<covMatrix nRows="2" nCols="2" type="UPPER_TRIANGULAR">
22966.689453 8510.496094 8467.867188 
</covMatrix>
</velocity>
</normalEstimate>
<time name="UPDATE" format="dd MMM yyyy HH:mm:ss" zone="0">26 MAY 2000 12:01:30.799</time>
</track>
<track trackId="WH371" quality="1" transit="UNCONSTRAINED" type="FLIER" classification="WHEELED">
<status> <confirmed/> <extrapolated/></status>
<normalEstimate>
<position>
<pt d="3">-1.320659 0.768569 226.37</pt>
<covMatrix nRows="2" nCols="2" type="UPPER_TRIANGULAR">
1915974.750000 803984.937500 502552.093750 
</covMatrix>
</position>
<velocity vType="VECTOR">
<pt d="3">-35.488304 47.986988 0.00</pt>
<covMatrix nRows="2" nCols="2" type="UPPER_TRIANGULAR">
23229.732422 8396.580078 8468.366211 
</covMatrix>
</velocity>
</normalEstimate>
<time name="UPDATE" format="dd MMM yyyy HH:mm:ss" zone="0">26 MAY 2000 12:01:30.599</time>
</track>
</trackCollection>
</tracks>
