<tracks version="KAT 1.0">
<trackCollection>
<timeInterval>
 <time name="START" format="dd MMM yyyy HH:mm:ss" zone="0">26 MAY 2000 12:03:20.799</time>
<time name="END" format="dd MMM yyyy HH:mm:ss" zone="0">26 MAY 2000 12:03:20.799</time>
</timeInterval>
<time name="AVERAGE" format="dd MMM yyyy HH:mm:ss" zone="0">26 MAY 2000 12:03:20.799</time>
<rbr halfHgt="8859.58" halfWid="9294.24" sinAng="0.984808" cosAng="0.173648">
<pt d="3">-1.319758 0.769171 0.00</pt>
</rbr>
<tracker id="KAT"></tracker>
<projection type="GEODETIC"></projection>
<track trackId="0G252" quality="1" transit="CONSTRAINED" classification="WHEELED">
<status> <confirmed/></status>
<normalEstimate>
<position>
<pt d="3">-1.319404 0.769710 211.48</pt>
<covMatrix nRows="2" nCols="2" type="UPPER_TRIANGULAR">
77.582153 -36.307178 40.902172 
</covMatrix>
</position>
<velocity vType="VECTOR">
<pt d="3">23.301077 37.875282 0.00</pt>
<covMatrix nRows="2" nCols="2" type="UPPER_TRIANGULAR">
2.634417 2.658026 5.319736 
</covMatrix>
</velocity>
</normalEstimate>
<truth id="unknown" application="unknown">
 <acceleration>
<pt d="3">0.000000 0.000000 0.00</pt>
</acceleration>
<position>
<pt d="3">-1.319403 0.769710 211.49</pt>
</position>
<velocity vType="VECTOR">
<pt d="3">14.150000 23.010000 -0.75</pt>
</velocity>
</truth>
<time name="UPDATE" format="dd MMM yyyy HH:mm:ss" zone="0">26 MAY 2000 12:03:20.200</time>
</track>
<track trackId="37345" quality="1" transit="CONSTRAINED" classification="WHEELED">
<status> <confirmed/></status>
<normalEstimate>
<position>
<pt d="3">-1.320325 0.768888 205.23</pt>
<covMatrix nRows="2" nCols="2" type="UPPER_TRIANGULAR">
62.937042 -42.628418 50.003029 
</covMatrix>
</position>
<velocity vType="VECTOR">
<pt d="3">-14.687198 -17.083391 0.00</pt>
<covMatrix nRows="2" nCols="2" type="UPPER_TRIANGULAR">
0.623049 -0.433637 0.491478 
</covMatrix>
</velocity>
</normalEstimate>
<truth id="unknown" application="unknown">
 <acceleration>
<pt d="3">0.000000 0.000000 0.00</pt>
</acceleration>
<position>
<pt d="3">-1.320325 0.768888 205.22</pt>
</position>
<velocity vType="VECTOR">
<pt d="3">-14.410000 -16.760000 -1.41</pt>
</velocity>
</truth>
<time name="UPDATE" format="dd MMM yyyy HH:mm:ss" zone="0">26 MAY 2000 12:03:20.599</time>
</track>
<track trackId="AQ473" quality="1" transit="CONSTRAINED" classification="WHEELED">
<status> <confirmed/></status>
<normalEstimate>
<position>
<pt d="3">-1.319251 0.769560 210.62</pt>
<covMatrix nRows="2" nCols="2" type="UPPER_TRIANGULAR">
85.730217 -29.716927 38.045601 
</covMatrix>
</position>
<velocity vType="VECTOR">
<pt d="3">15.730478 32.788387 0.00</pt>
<covMatrix nRows="2" nCols="2" type="UPPER_TRIANGULAR">
6.675033 11.829226 25.656542 
</covMatrix>
</velocity>
</normalEstimate>
<truth id="unknown" application="unknown">
 <acceleration>
<pt d="3">0.000000 0.000000 0.00</pt>
</acceleration>
<position>
<pt d="3">-1.319251 0.769560 210.62</pt>
</position>
<velocity vType="VECTOR">
<pt d="3">5.580000 11.630000 0.11</pt>
</velocity>
</truth>
<time name="UPDATE" format="dd MMM yyyy HH:mm:ss" zone="0">26 MAY 2000 12:03:20.200</time>
</track>
<track trackId="DL075" quality="1" transit="CONSTRAINED" classification="WHEELED">
<status> <confirmed/></status>
<normalEstimate>
<position>
<pt d="3">-1.320482 0.769584 185.35</pt>
<covMatrix nRows="2" nCols="2" type="UPPER_TRIANGULAR">
103.833527 -7.904095 115.506485 
</covMatrix>
</position>
<velocity vType="VECTOR">
<pt d="3">-8.708564 17.255966 0.00</pt>
<covMatrix nRows="2" nCols="2" type="UPPER_TRIANGULAR">
4.922170 -7.774836 16.404236 
</covMatrix>
</velocity>
</normalEstimate>
<truth id="unknown" application="unknown">
 <acceleration>
<pt d="3">0.000000 0.000000 0.00</pt>
</acceleration>
<position>
<pt d="3">-1.320484 0.769587 185.80</pt>
</position>
<velocity vType="VECTOR">
<pt d="3">-4.880000 9.680000 -0.42</pt>
</velocity>
</truth>
<time name="UPDATE" format="dd MMM yyyy HH:mm:ss" zone="0">26 MAY 2000 12:03:20.399</time>
</track>
<track trackId="GE057" quality="1" transit="CONSTRAINED" classification="WHEELED">
<status> <confirmed/></status>
<normalEstimate>
<position>
<pt d="3">-1.320732 0.768744 216.41</pt>
<covMatrix nRows="2" nCols="2" type="UPPER_TRIANGULAR">
26.747253 -35.735737 82.525719 
</covMatrix>
</position>
<velocity vType="VECTOR">
<pt d="3">26.766190 13.063551 0.00</pt>
<covMatrix nRows="2" nCols="2" type="UPPER_TRIANGULAR">
0.947832 -0.025300 0.987322 
</covMatrix>
</velocity>
</normalEstimate>
<truth id="unknown" application="unknown">
 <acceleration>
<pt d="3">0.000000 0.000000 0.00</pt>
</acceleration>
<position>
<pt d="3">-1.320732 0.768744 216.41</pt>
</position>
<velocity vType="VECTOR">
<pt d="3">27.469999 13.410000 -0.51</pt>
</velocity>
</truth>
<time name="UPDATE" format="dd MMM yyyy HH:mm:ss" zone="0">26 MAY 2000 12:03:20.599</time>
</track>
<track trackId="HP042" quality="1" transit="CONSTRAINED" classification="WHEELED">
<status> <confirmed/></status>
<normalEstimate>
<position>
<pt d="3">-1.320559 0.768836 213.95</pt>
<covMatrix nRows="2" nCols="2" type="UPPER_TRIANGULAR">
41.206512 -42.592419 69.131805 
</covMatrix>
</position>
<velocity vType="VECTOR">
<pt d="3">-30.054298 -21.775604 0.00</pt>
<covMatrix nRows="2" nCols="2" type="UPPER_TRIANGULAR">
12.225538 8.133434 6.892934 
</covMatrix>
</velocity>
</normalEstimate>
<truth id="unknown" application="unknown">
 <acceleration>
<pt d="3">0.000000 0.000000 0.00</pt>
</acceleration>
<position>
<pt d="3">-1.320559 0.768836 213.93</pt>
</position>
<velocity vType="VECTOR">
<pt d="3">-9.410000 -6.820000 -0.08</pt>
</velocity>
</truth>
<time name="UPDATE" format="dd MMM yyyy HH:mm:ss" zone="0">26 MAY 2000 12:03:20.599</time>
</track>
<track trackId="PA117" quality="1" transit="CONSTRAINED" classification="WHEELED">
<status> <confirmed/></status>
<normalEstimate>
<position>
<pt d="3">-1.319426 0.769685 210.92</pt>
<covMatrix nRows="2" nCols="2" type="UPPER_TRIANGULAR">
71.286232 -39.870293 44.415726 
</covMatrix>
</position>
<velocity vType="VECTOR">
<pt d="3">20.165989 28.075563 0.00</pt>
<covMatrix nRows="2" nCols="2" type="UPPER_TRIANGULAR">
2.425183 1.985231 3.763125 
</covMatrix>
</velocity>
</normalEstimate>
<truth id="unknown" application="unknown">
 <acceleration>
<pt d="3">0.000000 0.000000 0.00</pt>
</acceleration>
<position>
<pt d="3">-1.319426 0.769685 210.92</pt>
</position>
<velocity vType="VECTOR">
<pt d="3">18.629999 25.930000 0.84</pt>
</velocity>
</truth>
<time name="UPDATE" format="dd MMM yyyy HH:mm:ss" zone="0">26 MAY 2000 12:03:20.200</time>
</track>
<track trackId="R1132" quality="1" transit="CONSTRAINED" classification="WHEELED">
<status> <confirmed/></status>
<normalEstimate>
<position>
<pt d="3">-1.319621 0.769705 197.31</pt>
<covMatrix nRows="2" nCols="2" type="UPPER_TRIANGULAR">
111.742584 -30.747646 180.469559 
</covMatrix>
</position>
<velocity vType="VECTOR">
<pt d="3">-15.452602 40.443668 0.00</pt>
<covMatrix nRows="2" nCols="2" type="UPPER_TRIANGULAR">
4.077567 -8.054973 22.082003 
</covMatrix>
</velocity>
</normalEstimate>
<truth id="unknown" application="unknown">
 <acceleration>
<pt d="3">0.000000 0.000000 0.00</pt>
</acceleration>
<position>
<pt d="3">-1.319619 0.769701 196.68</pt>
</position>
<velocity vType="VECTOR">
<pt d="3">-5.400000 14.150000 0.09</pt>
</velocity>
</truth>
<time name="UPDATE" format="dd MMM yyyy HH:mm:ss" zone="0">26 MAY 2000 12:03:20.200</time>
</track>
<track trackId="JG664" quality="1" transit="CONSTRAINED" classification="WHEELED">
<status> <confirmed/> <extrapolated/></status>
<normalEstimate>
<position>
<pt d="3">-1.318974 0.768286 234.30</pt>
<covMatrix nRows="2" nCols="2" type="UPPER_TRIANGULAR">
1065786.875000 -634781.187500 378148.906250 
</covMatrix>
</position>
<velocity vType="VECTOR">
<pt d="3">9.581114 -5.706791 0.00</pt>
<covMatrix nRows="2" nCols="2" type="UPPER_TRIANGULAR">
93.587440 -55.417648 33.555294 
</covMatrix>
</velocity>
</normalEstimate>
<time name="UPDATE" format="dd MMM yyyy HH:mm:ss" zone="0">26 MAY 2000 12:00:20.400</time>
</track>
<track trackId="F4652" quality="1" transit="CONSTRAINED" classification="WHEELED">
<status> <confirmed/> <extrapolated/> <screened/></status>
<normalEstimate>
<position>
<pt d="3">-1.320131 0.768809 199.44</pt>
<covMatrix nRows="2" nCols="2" type="UPPER_TRIANGULAR">
204.269592 -313.653992 490.191833 
</covMatrix>
</position>
<velocity vType="VECTOR">
<pt d="3">-3.506877 5.452380 0.00</pt>
<covMatrix nRows="2" nCols="2" type="UPPER_TRIANGULAR">
0.427729 -0.625641 0.998054 
</covMatrix>
</velocity>
</normalEstimate>
<time name="UPDATE" format="dd MMM yyyy HH:mm:ss" zone="0">26 MAY 2000 12:02:50.400</time>
</track>
<track trackId="YZ030" quality="1" transit="CONSTRAINED" classification="WHEELED">
<status> <confirmed/> <extrapolated/></status>
<normalEstimate>
<position>
<pt d="3">-1.319092 0.768582 229.02</pt>
<covMatrix nRows="2" nCols="2" type="UPPER_TRIANGULAR">
216.330948 1084.479492 5600.820312 
</covMatrix>
</position>
<velocity vType="VECTOR">
<pt d="3">1.744536 8.999861 0.00</pt>
<covMatrix nRows="2" nCols="2" type="UPPER_TRIANGULAR">
0.263184 1.042267 5.438088 
</covMatrix>
</velocity>
</normalEstimate>
<time name="UPDATE" format="dd MMM yyyy HH:mm:ss" zone="0">26 MAY 2000 12:02:40.200</time>
</track>
<track trackId="76363" quality="1" transit="CONSTRAINED" classification="WHEELED">
<status> <confirmed/> <extrapolated/></status>
<normalEstimate>
<position>
<pt d="3">-1.320592 0.768098 213.56</pt>
<covMatrix nRows="2" nCols="2" type="UPPER_TRIANGULAR">
95368.882812 -14812.263672 2305.054688 
</covMatrix>
</position>
<velocity vType="VECTOR">
<pt d="3">-4.793786 0.744583 0.00</pt>
<covMatrix nRows="2" nCols="2" type="UPPER_TRIANGULAR">
9.351693 -1.445733 0.268309 
</covMatrix>
</velocity>
</normalEstimate>
<time name="UPDATE" format="dd MMM yyyy HH:mm:ss" zone="0">26 MAY 2000 12:00:30.799</time>
</track>
<track trackId="2D352" quality="1" transit="CONSTRAINED" classification="WHEELED">
<status> <confirmed/> <extrapolated/></status>
<normalEstimate>
<position>
<pt d="3">-1.318614 0.769327 218.71</pt>
<covMatrix nRows="2" nCols="2" type="UPPER_TRIANGULAR">
4239.759766 7554.584961 13481.861328 
</covMatrix>
</position>
<velocity vType="VECTOR">
<pt d="3">4.184952 7.465683 0.00</pt>
<covMatrix nRows="2" nCols="2" type="UPPER_TRIANGULAR">
1.490748 2.570687 4.635665 
</covMatrix>
</velocity>
</normalEstimate>
<time name="UPDATE" format="dd MMM yyyy HH:mm:ss" zone="0">26 MAY 2000 12:02:00.199</time>
</track>
<track trackId="5L166" quality="1" transit="CONSTRAINED" classification="WHEELED">
<status> <confirmed/> <extrapolated/> <screened/></status>
<normalEstimate>
<position>
<pt d="3">-1.319750 0.769502 201.35</pt>
<covMatrix nRows="2" nCols="2" type="UPPER_TRIANGULAR">
754417.625000 712400.375000 672741.562500 
</covMatrix>
</position>
<velocity vType="VECTOR">
<pt d="3">4.544825 4.291756 0.00</pt>
<covMatrix nRows="2" nCols="2" type="UPPER_TRIANGULAR">
133.490250 125.965614 119.048401 
</covMatrix>
</velocity>
</normalEstimate>
<time name="UPDATE" format="dd MMM yyyy HH:mm:ss" zone="0">26 MAY 2000 12:01:10.199</time>
</track>
<track trackId="3D432" quality="1" transit="CONSTRAINED" classification="WHEELED">
<status> <confirmed/> <extrapolated/></status>
<normalEstimate>
<position>
<pt d="3">-1.319571 0.767853 233.40</pt>
<covMatrix nRows="2" nCols="2" type="UPPER_TRIANGULAR">
186794.109375 294075.156250 463318.593750 
</covMatrix>
</position>
<velocity vType="VECTOR">
<pt d="3">-15.923076 -25.081564 0.00</pt>
<covMatrix nRows="2" nCols="2" type="UPPER_TRIANGULAR">
42.445007 65.283424 103.832260 
</covMatrix>
</velocity>
</normalEstimate>
<time name="UPDATE" format="dd MMM yyyy HH:mm:ss" zone="0">26 MAY 2000 12:01:30.399</time>
</track>
<track trackId="4Q724" quality="1" transit="CONSTRAINED" classification="WHEELED">
<status> <confirmed/> <extrapolated/></status>
<normalEstimate>
<position>
<pt d="3">-1.318587 0.769274 217.69</pt>
<covMatrix nRows="2" nCols="2" type="UPPER_TRIANGULAR">
6821.533691 -2586.142822 982.629700 
</covMatrix>
</position>
<velocity vType="VECTOR">
<pt d="3">5.015512 -1.901987 0.00</pt>
<covMatrix nRows="2" nCols="2" type="UPPER_TRIANGULAR">
2.096068 -0.787627 0.317790 
</covMatrix>
</velocity>
</normalEstimate>
<time name="UPDATE" format="dd MMM yyyy HH:mm:ss" zone="0">26 MAY 2000 12:01:50.200</time>
</track>
<track trackId="NJ053" quality="1" transit="CONSTRAINED" classification="WHEELED">
<status> <confirmed/> <extrapolated/></status>
<normalEstimate>
<position>
<pt d="3">-1.320293 0.769717 183.49</pt>
<covMatrix nRows="2" nCols="2" type="UPPER_TRIANGULAR">
132.153488 920.166016 6516.739746 
</covMatrix>
</position>
<velocity vType="VECTOR">
<pt d="3">0.458835 3.248446 0.00</pt>
<covMatrix nRows="2" nCols="2" type="UPPER_TRIANGULAR">
0.069459 0.337258 2.409530 
</covMatrix>
</velocity>
</normalEstimate>
<time name="UPDATE" format="dd MMM yyyy HH:mm:ss" zone="0">26 MAY 2000 12:01:50.400</time>
</track>
<track trackId="5E461" quality="1" transit="CONSTRAINED" classification="WHEELED">
<status> <confirmed/> <extrapolated/></status>
<normalEstimate>
<position>
<pt d="3">-1.319600 0.767819 229.23</pt>
<covMatrix nRows="2" nCols="2" type="UPPER_TRIANGULAR">
411897.500000 648651.437500 1021836.750000 
</covMatrix>
</position>
<velocity vType="VECTOR">
<pt d="3">-17.358906 -27.343243 0.00</pt>
<covMatrix nRows="2" nCols="2" type="UPPER_TRIANGULAR">
65.789459 102.054932 161.753647 
</covMatrix>
</velocity>
</normalEstimate>
<time name="UPDATE" format="dd MMM yyyy HH:mm:ss" zone="0">26 MAY 2000 12:01:40.400</time>
</track>
<track trackId="K6041" quality="1" transit="CONSTRAINED" classification="WHEELED">
<status> <confirmed/> <extrapolated/></status>
<normalEstimate>
<position>
<pt d="3">-1.320545 0.769697 181.86</pt>
<covMatrix nRows="2" nCols="2" type="UPPER_TRIANGULAR">
30856.423828 -10023.829102 3260.828613 
</covMatrix>
</position>
<velocity vType="VECTOR">
<pt d="3">-8.058396 2.618150 0.00</pt>
<covMatrix nRows="2" nCols="2" type="UPPER_TRIANGULAR">
39.127007 -12.698884 4.166984 
</covMatrix>
</velocity>
</normalEstimate>
<time name="UPDATE" format="dd MMM yyyy HH:mm:ss" zone="0">26 MAY 2000 12:02:40.400</time>
</track>
<track trackId="AJ766" quality="1" transit="CONSTRAINED" classification="WHEELED">
<status> <confirmed/> <extrapolated/></status>
<normalEstimate>
<position>
<pt d="3">-1.320336 0.769423 199.73</pt>
<covMatrix nRows="2" nCols="2" type="UPPER_TRIANGULAR">
2490.097900 -2835.144287 3231.023682 
</covMatrix>
</position>
<velocity vType="VECTOR">
<pt d="3">-2.052425 2.338059 0.00</pt>
<covMatrix nRows="2" nCols="2" type="UPPER_TRIANGULAR">
0.733279 -0.820348 0.947666 
</covMatrix>
</velocity>
</normalEstimate>
<time name="UPDATE" format="dd MMM yyyy HH:mm:ss" zone="0">26 MAY 2000 12:01:40.400</time>
</track>
<track trackId="NS067" quality="1" transit="CONSTRAINED" classification="WHEELED">
<status> <confirmed/> <extrapolated/></status>
<normalEstimate>
<position>
<pt d="3">-1.320664 0.769467 194.23</pt>
<covMatrix nRows="2" nCols="2" type="UPPER_TRIANGULAR">
72044.625000 57003.382812 45257.480469 
</covMatrix>
</position>
<velocity vType="VECTOR">
<pt d="3">-24.499006 -19.409864 0.00</pt>
<covMatrix nRows="2" nCols="2" type="UPPER_TRIANGULAR">
193.119644 152.247986 121.574959 
</covMatrix>
</velocity>
</normalEstimate>
<time name="UPDATE" format="dd MMM yyyy HH:mm:ss" zone="0">26 MAY 2000 12:03:00.599</time>
</track>
<track trackId="LK333" quality="1" transit="CONSTRAINED" classification="WHEELED">
<status> <confirmed/> <extrapolated/> <screened/></status>
<normalEstimate>
<position>
<pt d="3">-1.320966 0.769078 206.52</pt>
<covMatrix nRows="2" nCols="2" type="UPPER_TRIANGULAR">
156.238876 -858.117310 4753.434570 
</covMatrix>
</position>
<velocity vType="VECTOR">
<pt d="3">-0.385069 2.132466 0.00</pt>
<covMatrix nRows="2" nCols="2" type="UPPER_TRIANGULAR">
0.061953 -0.271942 1.518831 
</covMatrix>
</velocity>
</normalEstimate>
<time name="UPDATE" format="dd MMM yyyy HH:mm:ss" zone="0">26 MAY 2000 12:01:50.600</time>
</track>
<track trackId="43476" quality="1" transit="CONSTRAINED" classification="WHEELED">
<status> <confirmed/> <extrapolated/></status>
<normalEstimate>
<position>
<pt d="3">-1.319687 0.769297 212.80</pt>
<covMatrix nRows="2" nCols="2" type="UPPER_TRIANGULAR">
28587.187500 -52918.246094 98401.515625 
</covMatrix>
</position>
<velocity vType="VECTOR">
<pt d="3">9.805562 -18.214930 0.00</pt>
<covMatrix nRows="2" nCols="2" type="UPPER_TRIANGULAR">
73.889221 -135.400909 252.521820 
</covMatrix>
</velocity>
</normalEstimate>
<time name="UPDATE" format="dd MMM yyyy HH:mm:ss" zone="0">26 MAY 2000 12:03:00.199</time>
</track>
<track trackId="AT002" quality="1" transit="CONSTRAINED" classification="WHEELED">
<status> <confirmed/> <extrapolated/></status>
<normalEstimate>
<position>
<pt d="3">-1.319020 0.768683 227.86</pt>
<covMatrix nRows="2" nCols="2" type="UPPER_TRIANGULAR">
529118.687500 536983.437500 544997.562500 
</covMatrix>
</position>
<velocity vType="VECTOR">
<pt d="3">6.053379 6.143541 0.00</pt>
<covMatrix nRows="2" nCols="2" type="UPPER_TRIANGULAR">
158.048203 160.239929 162.786591 
</covMatrix>
</velocity>
</normalEstimate>
<time name="UPDATE" format="dd MMM yyyy HH:mm:ss" zone="0">26 MAY 2000 12:01:40.199</time>
</track>
<track trackId="5W511" quality="1" transit="CONSTRAINED" classification="WHEELED">
<status> <confirmed/> <extrapolated/></status>
<normalEstimate>
<position>
<pt d="3">-1.320425 0.769695 184.12</pt>
<covMatrix nRows="2" nCols="2" type="UPPER_TRIANGULAR">
127.363304 524.180420 2159.121338 
</covMatrix>
</position>
<velocity vType="VECTOR">
<pt d="3">-0.237213 -0.977046 0.00</pt>
<covMatrix nRows="2" nCols="2" type="UPPER_TRIANGULAR">
0.078664 0.319905 1.318636 
</covMatrix>
</velocity>
</normalEstimate>
<time name="UPDATE" format="dd MMM yyyy HH:mm:ss" zone="0">26 MAY 2000 12:02:10.400</time>
</track>
<track trackId="H7321" quality="1" transit="CONSTRAINED" classification="WHEELED">
<status> <confirmed/> <extrapolated/> <screened/></status>
<normalEstimate>
<position>
<pt d="3">-1.319751 0.768542 210.01</pt>
<covMatrix nRows="2" nCols="2" type="UPPER_TRIANGULAR">
20512.320312 -22047.250000 23743.322266 
</covMatrix>
</position>
<velocity vType="VECTOR">
<pt d="3">4.527298 -4.871171 0.00</pt>
<covMatrix nRows="2" nCols="2" type="UPPER_TRIANGULAR">
10.086760 -10.621963 11.643398 
</covMatrix>
</velocity>
</normalEstimate>
<time name="UPDATE" format="dd MMM yyyy HH:mm:ss" zone="0">26 MAY 2000 12:02:10.400</time>
</track>
<track trackId="G4043" quality="1" transit="CONSTRAINED" classification="WHEELED">
<status> <confirmed/> <extrapolated/></status>
<normalEstimate>
<position>
<pt d="3">-1.319488 0.768569 219.15</pt>
<covMatrix nRows="2" nCols="2" type="UPPER_TRIANGULAR">
111171.500000 -232082.984375 484638.656250 
</covMatrix>
</position>
<velocity vType="VECTOR">
<pt d="3">-6.289988 13.134128 0.00</pt>
<covMatrix nRows="2" nCols="2" type="UPPER_TRIANGULAR">
68.194450 -141.853668 296.464905 
</covMatrix>
</velocity>
</normalEstimate>
<time name="UPDATE" format="dd MMM yyyy HH:mm:ss" zone="0">26 MAY 2000 12:02:10.400</time>
</track>
<track trackId="6L246" quality="1" transit="CONSTRAINED" classification="WHEELED">
<status> <confirmed/> <extrapolated/></status>
<normalEstimate>
<position>
<pt d="3">-1.320563 0.770131 171.88</pt>
<covMatrix nRows="2" nCols="2" type="UPPER_TRIANGULAR">
8196.789062 7775.981445 7377.385254 
</covMatrix>
</position>
<velocity vType="VECTOR">
<pt d="3">1.431475 1.358039 0.00</pt>
<covMatrix nRows="2" nCols="2" type="UPPER_TRIANGULAR">
3.035184 2.876439 2.732076 
</covMatrix>
</velocity>
</normalEstimate>
<time name="UPDATE" format="dd MMM yyyy HH:mm:ss" zone="0">26 MAY 2000 12:01:50.400</time>
</track>
<track trackId="KQ071" quality="1" transit="CONSTRAINED" classification="WHEELED">
<status> <confirmed/> <extrapolated/></status>
<normalEstimate>
<position>
<pt d="3">-1.320951 0.768532 202.02</pt>
<covMatrix nRows="2" nCols="2" type="UPPER_TRIANGULAR">
1864.686401 -6117.941895 20260.201172 
</covMatrix>
</position>
<velocity vType="VECTOR">
<pt d="3">3.803443 -12.585663 0.00</pt>
<covMatrix nRows="2" nCols="2" type="UPPER_TRIANGULAR">
1.321585 -3.849748 12.897061 
</covMatrix>
</velocity>
</normalEstimate>
<time name="UPDATE" format="dd MMM yyyy HH:mm:ss" zone="0">26 MAY 2000 12:02:20.600</time>
</track>
<track trackId="1H221" quality="1" transit="CONSTRAINED" classification="WHEELED">
<status> <confirmed/> <extrapolated/></status>
<normalEstimate>
<position>
<pt d="3">-1.319683 0.769292 212.59</pt>
<covMatrix nRows="2" nCols="2" type="UPPER_TRIANGULAR">
9642.244141 -17725.888672 33027.773438 
</covMatrix>
</position>
<velocity vType="VECTOR">
<pt d="3">11.271878 -20.938776 0.00</pt>
<covMatrix nRows="2" nCols="2" type="UPPER_TRIANGULAR">
93.494560 -171.820023 320.174377 
</covMatrix>
</velocity>
</normalEstimate>
<time name="UPDATE" format="dd MMM yyyy HH:mm:ss" zone="0">26 MAY 2000 12:03:10.200</time>
</track>
<track trackId="64525" quality="1" transit="CONSTRAINED" classification="WHEELED">
<status> <confirmed/> <extrapolated/></status>
<normalEstimate>
<position>
<pt d="3">-1.319014 0.768675 229.40</pt>
<covMatrix nRows="2" nCols="2" type="UPPER_TRIANGULAR">
12504.467773 52612.000000 221452.015625 
</covMatrix>
</position>
<velocity vType="VECTOR">
<pt d="3">1.175500 4.947753 0.00</pt>
<covMatrix nRows="2" nCols="2" type="UPPER_TRIANGULAR">
4.649449 19.368872 81.572548 
</covMatrix>
</velocity>
</normalEstimate>
<time name="UPDATE" format="dd MMM yyyy HH:mm:ss" zone="0">26 MAY 2000 12:01:50.200</time>
</track>
<track trackId="HH335" quality="1" transit="CONSTRAINED" classification="WHEELED">
<status> <confirmed/> <extrapolated/></status>
<normalEstimate>
<position>
<pt d="3">-1.318683 0.769041 220.30</pt>
<covMatrix nRows="2" nCols="2" type="UPPER_TRIANGULAR">
23215.488281 -1189.408691 70.026451 
</covMatrix>
</position>
<velocity vType="VECTOR">
<pt d="3">7.837329 -0.401690 0.00</pt>
<covMatrix nRows="2" nCols="2" type="UPPER_TRIANGULAR">
9.649224 -0.489910 0.115761 
</covMatrix>
</velocity>
</normalEstimate>
<time name="UPDATE" format="dd MMM yyyy HH:mm:ss" zone="0">26 MAY 2000 12:02:00.199</time>
</track>
<track trackId="RQ667" quality="1" transit="CONSTRAINED" classification="WHEELED">
<status> <confirmed/> <extrapolated/></status>
<normalEstimate>
<position>
<pt d="3">-1.320396 0.768873 209.19</pt>
<covMatrix nRows="2" nCols="2" type="UPPER_TRIANGULAR">
94.186928 169.160110 545.192078 
</covMatrix>
</position>
<velocity vType="VECTOR">
<pt d="3">6.092556 18.274797 0.00</pt>
<covMatrix nRows="2" nCols="2" type="UPPER_TRIANGULAR">
1.106928 2.186699 6.936981 
</covMatrix>
</velocity>
</normalEstimate>
<time name="UPDATE" format="dd MMM yyyy HH:mm:ss" zone="0">26 MAY 2000 12:03:10.600</time>
</track>
<track trackId="JP122" quality="1" transit="CONSTRAINED" classification="WHEELED">
<status> <confirmed/> <extrapolated/></status>
<normalEstimate>
<position>
<pt d="3">-1.320688 0.768931 205.47</pt>
<covMatrix nRows="2" nCols="2" type="UPPER_TRIANGULAR">
33.622730 -258.681915 3256.294678 
</covMatrix>
</position>
<velocity vType="VECTOR">
<pt d="3">1.081216 -13.556075 0.00</pt>
<covMatrix nRows="2" nCols="2" type="UPPER_TRIANGULAR">
0.172611 -0.535435 6.843088 
</covMatrix>
</velocity>
</normalEstimate>
<time name="UPDATE" format="dd MMM yyyy HH:mm:ss" zone="0">26 MAY 2000 12:02:50.599</time>
</track>
<track trackId="NW705" quality="1" transit="CONSTRAINED" classification="WHEELED">
<status> <confirmed/> <extrapolated/></status>
<normalEstimate>
<position>
<pt d="3">-1.320504 0.769732 179.68</pt>
<covMatrix nRows="2" nCols="2" type="UPPER_TRIANGULAR">
1451.209473 -1077.634399 817.129944 
</covMatrix>
</position>
<velocity vType="VECTOR">
<pt d="3">-8.459973 6.329575 0.00</pt>
<covMatrix nRows="2" nCols="2" type="UPPER_TRIANGULAR">
3.383994 -2.450531 1.942102 
</covMatrix>
</velocity>
</normalEstimate>
<time name="UPDATE" format="dd MMM yyyy HH:mm:ss" zone="0">26 MAY 2000 12:02:50.400</time>
</track>
<track trackId="JX136" quality="1" transit="CONSTRAINED" classification="WHEELED">
<status> <confirmed/> <extrapolated/></status>
<normalEstimate>
<position>
<pt d="3">-1.320137 0.768590 213.28</pt>
<covMatrix nRows="2" nCols="2" type="UPPER_TRIANGULAR">
7485.836426 3791.870117 2046.721802 
</covMatrix>
</position>
<velocity vType="VECTOR">
<pt d="3">11.911907 6.115534 0.00</pt>
<covMatrix nRows="2" nCols="2" type="UPPER_TRIANGULAR">
32.222141 16.029404 9.229325 
</covMatrix>
</velocity>
</normalEstimate>
<time name="UPDATE" format="dd MMM yyyy HH:mm:ss" zone="0">26 MAY 2000 12:03:00.599</time>
</track>
<track trackId="RD455" quality="1" transit="CONSTRAINED" classification="WHEELED">
<status> <confirmed/> <extrapolated/></status>
<normalEstimate>
<position>
<pt d="3">-1.318864 0.768734 227.38</pt>
<covMatrix nRows="2" nCols="2" type="UPPER_TRIANGULAR">
24884.917969 7893.148438 2613.578369 
</covMatrix>
</position>
<velocity vType="VECTOR">
<pt d="3">18.483070 5.886199 0.00</pt>
<covMatrix nRows="2" nCols="2" type="UPPER_TRIANGULAR">
45.859726 14.286571 5.548680 
</covMatrix>
</velocity>
</normalEstimate>
<time name="UPDATE" format="dd MMM yyyy HH:mm:ss" zone="0">26 MAY 2000 12:02:40.200</time>
</track>
<track trackId="AA063" quality="1" transit="CONSTRAINED" classification="WHEELED">
<status> <confirmed/> <extrapolated/> <screened/></status>
<normalEstimate>
<position>
<pt d="3">-1.320029 0.769629 190.84</pt>
<covMatrix nRows="2" nCols="2" type="UPPER_TRIANGULAR">
1.569707 -15.195759 301.842987 
</covMatrix>
</position>
<velocity vType="VECTOR">
<pt d="3">-0.112327 2.225296 0.00</pt>
<covMatrix nRows="2" nCols="2" type="UPPER_TRIANGULAR">
0.009164 -0.022531 0.454389 
</covMatrix>
</velocity>
</normalEstimate>
<time name="UPDATE" format="dd MMM yyyy HH:mm:ss" zone="0">26 MAY 2000 12:02:40.200</time>
</track>
<track trackId="NH164" quality="1" transit="CONSTRAINED" classification="WHEELED">
<status> <confirmed/> <extrapolated/></status>
<normalEstimate>
<position>
<pt d="3">-1.319681 0.769290 212.47</pt>
<covMatrix nRows="2" nCols="2" type="UPPER_TRIANGULAR">
13239.177734 -24407.595703 45439.792969 
</covMatrix>
</position>
<velocity vType="VECTOR">
<pt d="3">10.463033 -19.436255 0.00</pt>
<covMatrix nRows="2" nCols="2" type="UPPER_TRIANGULAR">
20.751987 -36.692547 69.159966 
</covMatrix>
</velocity>
</normalEstimate>
<time name="UPDATE" format="dd MMM yyyy HH:mm:ss" zone="0">26 MAY 2000 12:02:50.200</time>
</track>
<track trackId="UX503" quality="1" transit="CONSTRAINED" classification="WHEELED">
<status> <confirmed/> <extrapolated/></status>
<normalEstimate>
<position>
<pt d="3">-1.319754 0.768618 213.53</pt>
<covMatrix nRows="2" nCols="2" type="UPPER_TRIANGULAR">
13734.040039 -13570.039062 13535.422852 
</covMatrix>
</position>
<velocity vType="VECTOR">
<pt d="3">19.965036 -19.819462 0.00</pt>
<covMatrix nRows="2" nCols="2" type="UPPER_TRIANGULAR">
19.332283 -18.552715 19.060738 
</covMatrix>
</velocity>
</normalEstimate>
<time name="UPDATE" format="dd MMM yyyy HH:mm:ss" zone="0">26 MAY 2000 12:02:40.400</time>
</track>
<track trackId="0A545" quality="1" transit="CONSTRAINED" classification="WHEELED">
<status> <confirmed/> <extrapolated/></status>
<normalEstimate>
<position>
<pt d="3">-1.320336 0.768877 204.48</pt>
<covMatrix nRows="2" nCols="2" type="UPPER_TRIANGULAR">
2514.762451 3454.484375 5041.858398 
</covMatrix>
</position>
<velocity vType="VECTOR">
<pt d="3">-15.362546 -21.977123 0.00</pt>
<covMatrix nRows="2" nCols="2" type="UPPER_TRIANGULAR">
12.223911 16.056629 23.969990 
</covMatrix>
</velocity>
</normalEstimate>
<time name="UPDATE" format="dd MMM yyyy HH:mm:ss" zone="0">26 MAY 2000 12:03:00.399</time>
</track>
<track trackId="DE370" quality="1" transit="CONSTRAINED" classification="WHEELED">
<status> <confirmed/> <extrapolated/></status>
<normalEstimate>
<position>
<pt d="3">-1.318709 0.768484 235.42</pt>
<covMatrix nRows="2" nCols="2" type="UPPER_TRIANGULAR">
17371.367188 1315.351807 200.147491 
</covMatrix>
</position>
<velocity vType="VECTOR">
<pt d="3">23.987709 1.826852 0.00</pt>
<covMatrix nRows="2" nCols="2" type="UPPER_TRIANGULAR">
44.000305 3.274830 1.249136 
</covMatrix>
</velocity>
</normalEstimate>
<time name="UPDATE" format="dd MMM yyyy HH:mm:ss" zone="0">26 MAY 2000 12:02:50.200</time>
</track>
<track trackId="BV371" quality="1" transit="CONSTRAINED" classification="WHEELED">
<status> <confirmed/> <extrapolated/></status>
<normalEstimate>
<position>
<pt d="3">-1.319068 0.768726 234.06</pt>
<covMatrix nRows="2" nCols="2" type="UPPER_TRIANGULAR">
5066.784180 -2413.879150 1273.116089 
</covMatrix>
</position>
<velocity vType="VECTOR">
<pt d="3">16.102888 -7.826024 0.00</pt>
<covMatrix nRows="2" nCols="2" type="UPPER_TRIANGULAR">
25.924122 -12.113313 6.886763 
</covMatrix>
</velocity>
</normalEstimate>
<time name="UPDATE" format="dd MMM yyyy HH:mm:ss" zone="0">26 MAY 2000 12:03:00.199</time>
</track>
<track trackId="YC024" quality="1" transit="CONSTRAINED" classification="WHEELED">
<status> <confirmed/> <extrapolated/></status>
<normalEstimate>
<position>
<pt d="3">-1.320415 0.769711 182.09</pt>
<covMatrix nRows="2" nCols="2" type="UPPER_TRIANGULAR">
14207.656250 23578.503906 39507.273438 
</covMatrix>
</position>
<velocity vType="VECTOR">
<pt d="3">-15.544251 -25.979469 0.00</pt>
<covMatrix nRows="2" nCols="2" type="UPPER_TRIANGULAR">
106.341301 176.059845 295.252655 
</covMatrix>
</velocity>
</normalEstimate>
<time name="UPDATE" format="dd MMM yyyy HH:mm:ss" zone="0">26 MAY 2000 12:03:00.399</time>
</track>
<track trackId="QS227" quality="1" transit="CONSTRAINED" classification="WHEELED">
<status> <confirmed/> <extrapolated/></status>
<normalEstimate>
<position>
<pt d="3">-1.320510 0.769690 177.52</pt>
<covMatrix nRows="2" nCols="2" type="UPPER_TRIANGULAR">
878.949585 2139.269043 5975.109863 
</covMatrix>
</position>
<velocity vType="VECTOR">
<pt d="3">9.536126 26.189260 0.00</pt>
<covMatrix nRows="2" nCols="2" type="UPPER_TRIANGULAR">
24.366480 64.172081 177.237015 
</covMatrix>
</velocity>
</normalEstimate>
<time name="UPDATE" format="dd MMM yyyy HH:mm:ss" zone="0">26 MAY 2000 12:03:10.400</time>
</track>
<track trackId="EC141" quality="1" transit="CONSTRAINED" classification="WHEELED">
<status> <confirmed/> <extrapolated/></status>
<normalEstimate>
<position>
<pt d="3">-1.320382 0.768750 213.26</pt>
<covMatrix nRows="2" nCols="2" type="UPPER_TRIANGULAR">
13980.036133 -2356.484863 499.972290 
</covMatrix>
</position>
<velocity vType="VECTOR">
<pt d="3">21.848682 -3.709337 0.00</pt>
<covMatrix nRows="2" nCols="2" type="UPPER_TRIANGULAR">
39.761204 -6.580807 2.116276 
</covMatrix>
</velocity>
</normalEstimate>
<time name="UPDATE" format="dd MMM yyyy HH:mm:ss" zone="0">26 MAY 2000 12:02:50.599</time>
</track>
<track trackId="QC506" quality="1" transit="CONSTRAINED" classification="WHEELED">
<status> <confirmed/> <extrapolated/></status>
<normalEstimate>
<position>
<pt d="3">-1.319405 0.769591 212.45</pt>
<covMatrix nRows="2" nCols="2" type="UPPER_TRIANGULAR">
82.001450 -150.279480 299.265472 
</covMatrix>
</position>
<velocity vType="VECTOR">
<pt d="3">-2.139781 4.187076 0.00</pt>
<covMatrix nRows="2" nCols="2" type="UPPER_TRIANGULAR">
2.245343 -4.291845 8.450205 
</covMatrix>
</velocity>
</normalEstimate>
<time name="UPDATE" format="dd MMM yyyy HH:mm:ss" zone="0">26 MAY 2000 12:03:10.200</time>
</track>
<track trackId="GS711" quality="1" transit="CONSTRAINED" classification="WHEELED">
<status> <confirmed/> <extrapolated/></status>
<normalEstimate>
<position>
<pt d="3">-1.318867 0.768734 227.21</pt>
<covMatrix nRows="2" nCols="2" type="UPPER_TRIANGULAR">
6502.247559 2038.922241 749.215820 
</covMatrix>
</position>
<velocity vType="VECTOR">
<pt d="3">18.991510 6.048120 0.00</pt>
<covMatrix nRows="2" nCols="2" type="UPPER_TRIANGULAR">
185.687256 58.816658 19.729927 
</covMatrix>
</velocity>
</normalEstimate>
<time name="UPDATE" format="dd MMM yyyy HH:mm:ss" zone="0">26 MAY 2000 12:03:10.200</time>
</track>
<track trackId="ZP316" quality="1" transit="CONSTRAINED" classification="WHEELED">
<status> <confirmed/> <extrapolated/></status>
<normalEstimate>
<position>
<pt d="3">-1.320411 0.769716 181.65</pt>
<covMatrix nRows="2" nCols="2" type="UPPER_TRIANGULAR">
1852.000122 2928.206787 4993.951172 
</covMatrix>
</position>
<velocity vType="VECTOR">
<pt d="3">-15.731088 -26.291733 0.00</pt>
<covMatrix nRows="2" nCols="2" type="UPPER_TRIANGULAR">
53.622604 87.949867 147.992371 
</covMatrix>
</velocity>
</normalEstimate>
<time name="UPDATE" format="dd MMM yyyy HH:mm:ss" zone="0">26 MAY 2000 12:03:10.400</time>
</track>
<track trackId="CT142" quality="1" transit="CONSTRAINED" classification="WHEELED">
<status> <confirmed/> <extrapolated/></status>
<normalEstimate>
<position>
<pt d="3">-1.319894 0.769081 203.31</pt>
<covMatrix nRows="2" nCols="2" type="UPPER_TRIANGULAR">
602.706299 -1788.208618 6453.633789 
</covMatrix>
</position>
<velocity vType="VECTOR">
<pt d="3">5.114840 -18.174927 0.00</pt>
<covMatrix nRows="2" nCols="2" type="UPPER_TRIANGULAR">
15.564206 -51.771099 184.956604 
</covMatrix>
</velocity>
</normalEstimate>
<time name="UPDATE" format="dd MMM yyyy HH:mm:ss" zone="0">26 MAY 2000 12:03:10.400</time>
</track>
<track trackId="K7461" quality="1" transit="CONSTRAINED" classification="WHEELED">
<status> <confirmed/> <extrapolated/></status>
<normalEstimate>
<position>
<pt d="3">-1.320874 0.768549 200.50</pt>
<covMatrix nRows="2" nCols="2" type="UPPER_TRIANGULAR">
585.175110 -101.825638 80.349358 
</covMatrix>
</position>
<velocity vType="VECTOR">
<pt d="3">-17.476484 3.392272 0.00</pt>
<covMatrix nRows="2" nCols="2" type="UPPER_TRIANGULAR">
10.856617 -1.989726 0.992061 
</covMatrix>
</velocity>
</normalEstimate>
<time name="UPDATE" format="dd MMM yyyy HH:mm:ss" zone="0">26 MAY 2000 12:03:10.800</time>
</track>
<track trackId="J4203" quality="1" transit="CONSTRAINED" classification="WHEELED">
<status> <confirmed/> <extrapolated/></status>
<normalEstimate>
<position>
<pt d="3">-1.319249 0.769564 211.08</pt>
<covMatrix nRows="2" nCols="2" type="UPPER_TRIANGULAR">
374.648712 572.500610 1293.299438 
</covMatrix>
</position>
<velocity vType="VECTOR">
<pt d="3">6.262624 13.053724 0.00</pt>
<covMatrix nRows="2" nCols="2" type="UPPER_TRIANGULAR">
4.489321 7.273360 16.160360 
</covMatrix>
</velocity>
</normalEstimate>
<time name="UPDATE" format="dd MMM yyyy HH:mm:ss" zone="0">26 MAY 2000 12:03:10.200</time>
</track>
<track trackId="KJ364" quality="1" transit="UNCONSTRAINED" type="FLIER" classification="WHEELED">
<status> <confirmed/></status>
<normalEstimate>
<position>
<pt d="3">-1.320434 0.769574 186.65</pt>
<covMatrix nRows="2" nCols="2" type="UPPER_TRIANGULAR">
29.662819 -87.480141 378.235565 
</covMatrix>
</position>
<velocity vType="VECTOR">
<pt d="3">-23.243601 -83.272980 0.00</pt>
<covMatrix nRows="2" nCols="2" type="UPPER_TRIANGULAR">
21162.921875 5013.146484 1187.573486 
</covMatrix>
</velocity>
</normalEstimate>
<truth id="unknown" application="unknown">
 <acceleration>
<pt d="3">0.000000 0.000000 0.00</pt>
</acceleration>
<position>
<pt d="3">-1.320434 0.769573 186.63</pt>
</position>
<velocity vType="VECTOR">
<pt d="3">-2.860000 -10.260000 0.13</pt>
</velocity>
</truth>
<time name="UPDATE" format="dd MMM yyyy HH:mm:ss" zone="0">26 MAY 2000 12:03:20.399</time>
</track>
<track trackId="KM562" quality="1" transit="UNCONSTRAINED" type="FLIER" classification="WHEELED">
<status> <confirmed/> <dropped/> <extrapolated/></status>
<normalEstimate>
<position>
<pt d="3">-1.320481 0.769917 224.84</pt>
<covMatrix nRows="2" nCols="2" type="UPPER_TRIANGULAR">
46983960.000000 9562614.000000 16692409.000000 
</covMatrix>
</position>
<velocity vType="VECTOR">
<pt d="3">-45.462357 -6.499539 0.00</pt>
<covMatrix nRows="2" nCols="2" type="UPPER_TRIANGULAR">
42905.753906 5968.304688 23999.919922 
</covMatrix>
</velocity>
</normalEstimate>
<time name="UPDATE" format="dd MMM yyyy HH:mm:ss" zone="0">26 MAY 2000 12:02:40.400</time>
</track>
<track trackId="ZX332" quality="1" transit="UNCONSTRAINED" type="FLIER" classification="WHEELED">
<status> <confirmed/></status>
<normalEstimate>
<position>
<pt d="3">-1.320361 0.769767 182.51</pt>
<covMatrix nRows="2" nCols="2" type="UPPER_TRIANGULAR">
28.928995 -86.004692 379.001099 
</covMatrix>
</position>
<velocity vType="VECTOR">
<pt d="3">51.015282 52.908157 0.00</pt>
<covMatrix nRows="2" nCols="2" type="UPPER_TRIANGULAR">
21206.750000 4928.594238 1145.481079 
</covMatrix>
</velocity>
</normalEstimate>
<truth id="unknown" application="unknown">
 <acceleration>
<pt d="3">0.000000 0.000000 0.00</pt>
</acceleration>
<position>
<pt d="3">-1.320360 0.769767 182.50</pt>
</position>
<velocity vType="VECTOR">
<pt d="3">17.730000 18.389999 0.11</pt>
</velocity>
</truth>
<time name="UPDATE" format="dd MMM yyyy HH:mm:ss" zone="0">26 MAY 2000 12:03:20.399</time>
</track>
<track trackId="1T013" quality="1" transit="UNCONSTRAINED" type="FLIER" classification="WHEELED">
<status> <confirmed/> <extrapolated/></status>
<normalEstimate>
<position>
<pt d="3">-1.320379 0.768749 200.03</pt>
<covMatrix nRows="2" nCols="2" type="UPPER_TRIANGULAR">
2161153.000000 527349.687500 278500.187500 
</covMatrix>
</position>
<velocity vType="VECTOR">
<pt d="3">-6.360190 -50.500164 0.00</pt>
<covMatrix nRows="2" nCols="2" type="UPPER_TRIANGULAR">
25614.707031 5460.545410 6120.411621 
</covMatrix>
</velocity>
</normalEstimate>
<time name="UPDATE" format="dd MMM yyyy HH:mm:ss" zone="0">26 MAY 2000 12:03:10.600</time>
</track>
<track trackId="AR362" quality="1" transit="UNCONSTRAINED" type="FLIER" classification="WHEELED">
<status> <confirmed/> <extrapolated/></status>
<normalEstimate>
<position>
<pt d="3">-1.320763 0.769432 213.76</pt>
<covMatrix nRows="2" nCols="2" type="UPPER_TRIANGULAR">
24394702.000000 5374737.500000 7344484.000000 
</covMatrix>
</position>
<velocity vType="VECTOR">
<pt d="3">-49.539051 -24.577679 0.00</pt>
<covMatrix nRows="2" nCols="2" type="UPPER_TRIANGULAR">
37609.300781 5960.866699 18699.710938 
</covMatrix>
</velocity>
</normalEstimate>
<time name="UPDATE" format="dd MMM yyyy HH:mm:ss" zone="0">26 MAY 2000 12:02:50.400</time>
</track>
<track trackId="3W351" quality="1" transit="UNCONSTRAINED" type="FLIER" classification="WHEELED">
<status> <confirmed/> <extrapolated/></status>
<normalEstimate>
<position>
<pt d="3">-1.320312 0.769786 180.20</pt>
<covMatrix nRows="2" nCols="2" type="UPPER_TRIANGULAR">
2271220.000000 520293.000000 279006.937500 
</covMatrix>
</position>
<velocity vType="VECTOR">
<pt d="3">-23.660946 -38.864830 0.00</pt>
<covMatrix nRows="2" nCols="2" type="UPPER_TRIANGULAR">
25912.984375 5174.687500 6098.997070 
</covMatrix>
</velocity>
</normalEstimate>
<time name="UPDATE" format="dd MMM yyyy HH:mm:ss" zone="0">26 MAY 2000 12:03:10.400</time>
</track>
<track trackId="PD315" quality="1" transit="UNCONSTRAINED" type="FLIER" classification="WHEELED">
<status> <confirmed/> <extrapolated/></status>
<normalEstimate>
<position>
<pt d="3">-1.320531 0.769650 203.62</pt>
<covMatrix nRows="2" nCols="2" type="UPPER_TRIANGULAR">
2261148.750000 538616.125000 288796.500000 
</covMatrix>
</position>
<velocity vType="VECTOR">
<pt d="3">-25.422558 50.374439 0.00</pt>
<covMatrix nRows="2" nCols="2" type="UPPER_TRIANGULAR">
25812.527344 5356.923828 6196.067871 
</covMatrix>
</velocity>
</normalEstimate>
<time name="UPDATE" format="dd MMM yyyy HH:mm:ss" zone="0">26 MAY 2000 12:03:10.400</time>
</track>
<track trackId="W1650" quality="1" transit="UNCONSTRAINED" type="FLIER" classification="WHEELED">
<status> <confirmed/> <extrapolated/></status>
<normalEstimate>
<position>
<pt d="3">-1.320321 0.769836 186.35</pt>
<covMatrix nRows="2" nCols="2" type="UPPER_TRIANGULAR">
10001452.000000 2173841.000000 2158788.250000 
</covMatrix>
</position>
<velocity vType="VECTOR">
<pt d="3">-34.486191 -29.155596 0.00</pt>
<covMatrix nRows="2" nCols="2" type="UPPER_TRIANGULAR">
32207.455078 5419.587891 12654.964844 
</covMatrix>
</velocity>
</normalEstimate>
<time name="UPDATE" format="dd MMM yyyy HH:mm:ss" zone="0">26 MAY 2000 12:03:00.399</time>
</track>
<track trackId="JC577" quality="1" transit="UNCONSTRAINED" type="FLIER" classification="WHEELED">
<status> <confirmed/> <extrapolated/></status>
<normalEstimate>
<position>
<pt d="3">-1.319556 0.769804 255.72</pt>
<covMatrix nRows="2" nCols="2" type="UPPER_TRIANGULAR">
25082114.000000 4908606.500000 7169244.000000 
</covMatrix>
</position>
<velocity vType="VECTOR">
<pt d="3">-22.567553 43.381348 0.00</pt>
<covMatrix nRows="2" nCols="2" type="UPPER_TRIANGULAR">
38066.968750 5372.102051 18462.673828 
</covMatrix>
</velocity>
</normalEstimate>
<time name="UPDATE" format="dd MMM yyyy HH:mm:ss" zone="0">26 MAY 2000 12:02:50.200</time>
</track>
<track trackId="30220" quality="1" transit="UNCONSTRAINED" type="FLIER" classification="WHEELED">
<status> <confirmed/> <extrapolated/></status>
<normalEstimate>
<position>
<pt d="3">-1.320495 0.769488 182.59</pt>
<covMatrix nRows="2" nCols="2" type="UPPER_TRIANGULAR">
2262813.500000 535589.062500 287149.093750 
</covMatrix>
</position>
<velocity vType="VECTOR">
<pt d="3">-32.943264 -62.189602 0.00</pt>
<covMatrix nRows="2" nCols="2" type="UPPER_TRIANGULAR">
25829.101562 5326.817383 6179.701172 
</covMatrix>
</velocity>
</normalEstimate>
<time name="UPDATE" format="dd MMM yyyy HH:mm:ss" zone="0">26 MAY 2000 12:03:10.400</time>
</track>
<track trackId="EM044" quality="1" transit="UNCONSTRAINED" type="FLIER" classification="WHEELED">
<status> <confirmed/> <extrapolated/></status>
<normalEstimate>
<position>
<pt d="3">-1.320651 0.769462 187.55</pt>
<covMatrix nRows="2" nCols="2" type="UPPER_TRIANGULAR">
2162674.250000 525846.000000 277651.093750 
</covMatrix>
</position>
<velocity vType="VECTOR">
<pt d="3">-15.163984 -44.020889 0.00</pt>
<covMatrix nRows="2" nCols="2" type="UPPER_TRIANGULAR">
25631.177734 5444.975098 6112.336914 
</covMatrix>
</velocity>
</normalEstimate>
<time name="UPDATE" format="dd MMM yyyy HH:mm:ss" zone="0">26 MAY 2000 12:03:10.600</time>
</track>
<track trackId="EX367" quality="1" transit="UNCONSTRAINED" type="FLIER" classification="WHEELED">
<status> <confirmed/> <extrapolated/></status>
<normalEstimate>
<position>
<pt d="3">-1.319542 0.769786 240.61</pt>
<covMatrix nRows="2" nCols="2" type="UPPER_TRIANGULAR">
10299970.000000 2070774.875000 2144768.000000 
</covMatrix>
</position>
<velocity vType="VECTOR">
<pt d="3">-24.444092 46.988598 0.00</pt>
<covMatrix nRows="2" nCols="2" type="UPPER_TRIANGULAR">
32516.917969 5061.046387 12585.320312 
</covMatrix>
</velocity>
</normalEstimate>
<time name="UPDATE" format="dd MMM yyyy HH:mm:ss" zone="0">26 MAY 2000 12:03:00.199</time>
</track>
<track trackId="7E621" quality="1" transit="UNCONSTRAINED" type="FLIER" classification="WHEELED">
<status> <confirmed/> <extrapolated/></status>
<normalEstimate>
<position>
<pt d="3">-1.319487 0.768706 249.08</pt>
<covMatrix nRows="2" nCols="2" type="UPPER_TRIANGULAR">
10240271.000000 2175296.250000 2199246.250000 
</covMatrix>
</position>
<velocity vType="VECTOR">
<pt d="3">-6.752353 46.217407 0.00</pt>
<covMatrix nRows="2" nCols="2" type="UPPER_TRIANGULAR">
32369.136719 5316.500000 12716.590820 
</covMatrix>
</velocity>
</normalEstimate>
<time name="UPDATE" format="dd MMM yyyy HH:mm:ss" zone="0">26 MAY 2000 12:03:00.199</time>
</track>
<track trackId="E4434" quality="1" transit="UNCONSTRAINED" type="FLIER" classification="WHEELED">
<status> <confirmed/> <extrapolated/></status>
<normalEstimate>
<position>
<pt d="3">-1.320375 0.769755 184.87</pt>
<covMatrix nRows="2" nCols="2" type="UPPER_TRIANGULAR">
2269810.500000 522923.125000 280385.250000 
</covMatrix>
</position>
<velocity vType="VECTOR">
<pt d="3">-37.570732 -38.964760 0.00</pt>
<covMatrix nRows="2" nCols="2" type="UPPER_TRIANGULAR">
25898.935547 5200.845703 6112.673340 
</covMatrix>
</velocity>
</normalEstimate>
<time name="UPDATE" format="dd MMM yyyy HH:mm:ss" zone="0">26 MAY 2000 12:03:10.400</time>
</track>
</trackCollection>
</tracks>
