<tracks version="KAT 1.0">
<trackCollection>
<timeInterval>
 <time name="START" format="dd MMM yyyy HH:mm:ss" zone="0">26 MAY 2000 12:03:40.800</time>
<time name="END" format="dd MMM yyyy HH:mm:ss" zone="0">26 MAY 2000 12:03:40.800</time>
</timeInterval>
<time name="AVERAGE" format="dd MMM yyyy HH:mm:ss" zone="0">26 MAY 2000 12:03:40.800</time>
<rbr halfHgt="9982.77" halfWid="8734.06" sinAng="0.866025" cosAng="0.500000">
<pt d="3">-1.319789 0.769170 0.00</pt>
</rbr>
<tracker id="KAT"></tracker>
<projection type="GEODETIC"></projection>
<track trackId="AJ766" quality="1" transit="CONSTRAINED" classification="WHEELED">
<status> <confirmed/></status>
<normalEstimate>
<position>
<pt d="3">-1.320428 0.769586 186.01</pt>
<covMatrix nRows="2" nCols="2" type="UPPER_TRIANGULAR">
82.774628 -32.449406 38.706467 
</covMatrix>
</position>
<velocity vType="VECTOR">
<pt d="3">-16.661879 -31.453968 0.00</pt>
<covMatrix nRows="2" nCols="2" type="UPPER_TRIANGULAR">
9.090602 15.273964 29.833525 
</covMatrix>
</velocity>
</normalEstimate>
<truth id="unknown" application="unknown">
 <acceleration>
<pt d="3">0.000000 0.000000 0.00</pt>
</acceleration>
<position>
<pt d="3">-1.320427 0.769587 186.04</pt>
</position>
<velocity vType="VECTOR">
<pt d="3">-14.890000 -28.110001 0.59</pt>
</velocity>
</truth>
<time name="UPDATE" format="dd MMM yyyy HH:mm:ss" zone="0">26 MAY 2000 12:03:40.400</time>
</track>
<track trackId="BF650" quality="1" transit="CONSTRAINED" classification="WHEELED">
<status> <confirmed/></status>
<normalEstimate>
<position>
<pt d="3">-1.320335 0.768878 204.48</pt>
<covMatrix nRows="2" nCols="2" type="UPPER_TRIANGULAR">
72.615707 -39.165478 43.964561 
</covMatrix>
</position>
<velocity vType="VECTOR">
<pt d="3">-25.734510 -36.814896 0.00</pt>
<covMatrix nRows="2" nCols="2" type="UPPER_TRIANGULAR">
6.910105 8.454885 13.095198 
</covMatrix>
</velocity>
</normalEstimate>
<truth id="unknown" application="unknown">
 <acceleration>
<pt d="3">0.000000 0.000000 0.00</pt>
</acceleration>
<position>
<pt d="3">-1.320335 0.768878 204.48</pt>
</position>
<velocity vType="VECTOR">
<pt d="3">-10.380000 -14.850000 0.00</pt>
</velocity>
</truth>
<time name="UPDATE" format="dd MMM yyyy HH:mm:ss" zone="0">26 MAY 2000 12:03:40.600</time>
</track>
<track trackId="DG677" quality="1" transit="CONSTRAINED" classification="WHEELED">
<status> <confirmed/></status>
<normalEstimate>
<position>
<pt d="3">-1.319415 0.769056 219.70</pt>
<covMatrix nRows="2" nCols="2" type="UPPER_TRIANGULAR">
76.388748 -36.711372 42.497780 
</covMatrix>
</position>
<velocity vType="VECTOR">
<pt d="3">18.957319 29.629875 0.00</pt>
<covMatrix nRows="2" nCols="2" type="UPPER_TRIANGULAR">
4.355525 5.246537 9.198991 
</covMatrix>
</velocity>
</normalEstimate>
<truth id="unknown" application="unknown">
 <acceleration>
<pt d="3">0.000000 0.000000 0.00</pt>
</acceleration>
<position>
<pt d="3">-1.319415 0.769056 219.70</pt>
</position>
<velocity vType="VECTOR">
<pt d="3">9.560000 14.950000 0.60</pt>
</velocity>
</truth>
<time name="UPDATE" format="dd MMM yyyy HH:mm:ss" zone="0">26 MAY 2000 12:03:40.200</time>
</track>
<track trackId="G4043" quality="1" transit="CONSTRAINED" classification="WHEELED">
<status> <confirmed/></status>
<normalEstimate>
<position>
<pt d="3">-1.319749 0.768638 215.31</pt>
<covMatrix nRows="2" nCols="2" type="UPPER_TRIANGULAR">
32.834213 35.224575 81.514023 
</covMatrix>
</position>
<velocity vType="VECTOR">
<pt d="3">-29.856308 15.660234 0.00</pt>
<covMatrix nRows="2" nCols="2" type="UPPER_TRIANGULAR">
353.121002 -184.694626 97.875938 
</covMatrix>
</velocity>
</normalEstimate>
<truth id="unknown" application="unknown">
 <acceleration>
<pt d="3">0.000000 0.000000 0.00</pt>
</acceleration>
<position>
<pt d="3">-1.319749 0.768638 215.34</pt>
</position>
<velocity vType="VECTOR">
<pt d="3">-30.330000 15.910000 -0.27</pt>
</velocity>
</truth>
<time name="UPDATE" format="dd MMM yyyy HH:mm:ss" zone="0">26 MAY 2000 12:03:40.400</time>
</track>
<track trackId="NT507" quality="1" transit="CONSTRAINED" classification="WHEELED">
<status> <confirmed/></status>
<normalEstimate>
<position>
<pt d="3">-1.319699 0.769429 201.40</pt>
<covMatrix nRows="2" nCols="2" type="UPPER_TRIANGULAR">
65.339813 -41.769108 49.632080 
</covMatrix>
</position>
<velocity vType="VECTOR">
<pt d="3">18.369831 22.145838 0.00</pt>
<covMatrix nRows="2" nCols="2" type="UPPER_TRIANGULAR">
0.631756 -0.443782 0.464866 
</covMatrix>
</velocity>
</normalEstimate>
<truth id="unknown" application="unknown">
 <acceleration>
<pt d="3">0.000000 0.000000 0.00</pt>
</acceleration>
<position>
<pt d="3">-1.319699 0.769429 201.40</pt>
</position>
<velocity vType="VECTOR">
<pt d="3">18.340000 22.110001 0.28</pt>
</velocity>
</truth>
<time name="UPDATE" format="dd MMM yyyy HH:mm:ss" zone="0">26 MAY 2000 12:03:40.200</time>
</track>
<track trackId="QC506" quality="1" transit="CONSTRAINED" classification="WHEELED">
<status> <confirmed/></status>
<normalEstimate>
<position>
<pt d="3">-1.319341 0.769764 199.09</pt>
<covMatrix nRows="2" nCols="2" type="UPPER_TRIANGULAR">
59.287598 -42.955276 54.504490 
</covMatrix>
</position>
<velocity vType="VECTOR">
<pt d="3">21.831657 23.080954 0.00</pt>
<covMatrix nRows="2" nCols="2" type="UPPER_TRIANGULAR">
0.579162 -0.444052 0.529716 
</covMatrix>
</velocity>
</normalEstimate>
<truth id="unknown" application="unknown">
 <acceleration>
<pt d="3">0.000000 0.000000 0.00</pt>
</acceleration>
<position>
<pt d="3">-1.319341 0.769764 199.09</pt>
</position>
<velocity vType="VECTOR">
<pt d="3">21.940001 23.200001 -0.88</pt>
</velocity>
</truth>
<time name="UPDATE" format="dd MMM yyyy HH:mm:ss" zone="0">26 MAY 2000 12:03:40.200</time>
</track>
<track trackId="RQ667" quality="1" transit="CONSTRAINED" classification="WHEELED">
<status> <confirmed/></status>
<normalEstimate>
<position>
<pt d="3">-1.320421 0.769008 202.45</pt>
<covMatrix nRows="2" nCols="2" type="UPPER_TRIANGULAR">
78.025078 -36.097725 40.640671 
</covMatrix>
</position>
<velocity vType="VECTOR">
<pt d="3">22.305130 36.668282 0.00</pt>
<covMatrix nRows="2" nCols="2" type="UPPER_TRIANGULAR">
3.764344 4.544692 8.471030 
</covMatrix>
</velocity>
</normalEstimate>
<truth id="unknown" application="unknown">
 <acceleration>
<pt d="3">0.000000 0.000000 0.00</pt>
</acceleration>
<position>
<pt d="3">-1.320421 0.769008 202.45</pt>
</position>
<velocity vType="VECTOR">
<pt d="3">8.220000 13.510000 -0.17</pt>
</velocity>
</truth>
<time name="UPDATE" format="dd MMM yyyy HH:mm:ss" zone="0">26 MAY 2000 12:03:40.600</time>
</track>
<track trackId="WD304" quality="1" transit="CONSTRAINED" classification="WHEELED">
<status> <confirmed/></status>
<normalEstimate>
<position>
<pt d="3">-1.319300 0.769651 211.60</pt>
<covMatrix nRows="2" nCols="2" type="UPPER_TRIANGULAR">
49.492924 -43.451614 62.610756 
</covMatrix>
</position>
<velocity vType="VECTOR">
<pt d="3">16.022907 13.785802 0.00</pt>
<covMatrix nRows="2" nCols="2" type="UPPER_TRIANGULAR">
0.510476 -0.421140 0.637616 
</covMatrix>
</velocity>
</normalEstimate>
<truth id="unknown" application="unknown">
 <acceleration>
<pt d="3">0.000000 0.000000 0.00</pt>
</acceleration>
<position>
<pt d="3">-1.319300 0.769651 211.58</pt>
</position>
<velocity vType="VECTOR">
<pt d="3">15.620000 13.440000 0.08</pt>
</velocity>
</truth>
<time name="UPDATE" format="dd MMM yyyy HH:mm:ss" zone="0">26 MAY 2000 12:03:40.200</time>
</track>
<track trackId="JG664" quality="1" transit="CONSTRAINED" classification="WHEELED">
<status> <confirmed/> <extrapolated/></status>
<normalEstimate>
<position>
<pt d="3">-1.318936 0.768270 233.40</pt>
<covMatrix nRows="2" nCols="2" type="UPPER_TRIANGULAR">
1081261.625000 -650801.500000 391767.312500 
</covMatrix>
</position>
<velocity vType="VECTOR">
<pt d="3">8.272339 -4.979234 0.00</pt>
<covMatrix nRows="2" nCols="2" type="UPPER_TRIANGULAR">
77.293968 -46.277527 28.265051 
</covMatrix>
</velocity>
</normalEstimate>
<time name="UPDATE" format="dd MMM yyyy HH:mm:ss" zone="0">26 MAY 2000 12:00:20.400</time>
</track>
<track trackId="F4652" quality="1" transit="CONSTRAINED" classification="WHEELED">
<status> <confirmed/> <extrapolated/></status>
<normalEstimate>
<position>
<pt d="3">-1.320267 0.768806 211.16</pt>
<covMatrix nRows="2" nCols="2" type="UPPER_TRIANGULAR">
135.442734 -716.074829 3910.582031 
</covMatrix>
</position>
<velocity vType="VECTOR">
<pt d="3">-1.501704 8.192244 0.00</pt>
<covMatrix nRows="2" nCols="2" type="UPPER_TRIANGULAR">
0.149580 -0.587945 3.249220 
</covMatrix>
</velocity>
</normalEstimate>
<time name="UPDATE" format="dd MMM yyyy HH:mm:ss" zone="0">26 MAY 2000 12:02:50.400</time>
</track>
<track trackId="YZ030" quality="1" transit="CONSTRAINED" classification="WHEELED">
<status> <confirmed/> <extrapolated/> <screened/></status>
<normalEstimate>
<position>
<pt d="3">-1.319026 0.768516 232.64</pt>
<covMatrix nRows="2" nCols="2" type="UPPER_TRIANGULAR">
71892.382812 -14559.511719 2980.591797 
</covMatrix>
</position>
<velocity vType="VECTOR">
<pt d="3">20.152674 -4.083029 0.00</pt>
<covMatrix nRows="2" nCols="2" type="UPPER_TRIANGULAR">
34.658291 -6.959607 1.717692 
</covMatrix>
</velocity>
</normalEstimate>
<time name="UPDATE" format="dd MMM yyyy HH:mm:ss" zone="0">26 MAY 2000 12:02:40.200</time>
</track>
<track trackId="76363" quality="1" transit="CONSTRAINED" classification="WHEELED">
<status> <confirmed/> <extrapolated/></status>
<normalEstimate>
<position>
<pt d="3">-1.320649 0.768119 211.74</pt>
<covMatrix nRows="2" nCols="2" type="UPPER_TRIANGULAR">
300931.406250 -133791.140625 59496.199219 
</covMatrix>
</position>
<velocity vType="VECTOR">
<pt d="3">-7.238453 3.218270 0.00</pt>
<covMatrix nRows="2" nCols="2" type="UPPER_TRIANGULAR">
23.774714 -10.518545 4.793286 
</covMatrix>
</velocity>
</normalEstimate>
<time name="UPDATE" format="dd MMM yyyy HH:mm:ss" zone="0">26 MAY 2000 12:00:30.799</time>
</track>
<track trackId="2D352" quality="1" transit="CONSTRAINED" classification="WHEELED">
<status> <confirmed/> <extrapolated/></status>
<normalEstimate>
<position>
<pt d="3">-1.318556 0.769271 219.24</pt>
<covMatrix nRows="2" nCols="2" type="UPPER_TRIANGULAR">
15053.677734 -8160.163086 4427.326660 
</covMatrix>
</position>
<velocity vType="VECTOR">
<pt d="3">5.886810 -3.191714 0.00</pt>
<covMatrix nRows="2" nCols="2" type="UPPER_TRIANGULAR">
3.470112 -1.864923 1.041566 
</covMatrix>
</velocity>
</normalEstimate>
<time name="UPDATE" format="dd MMM yyyy HH:mm:ss" zone="0">26 MAY 2000 12:02:00.199</time>
</track>
<track trackId="5L166" quality="1" transit="CONSTRAINED" classification="WHEELED">
<status> <confirmed/> <extrapolated/></status>
<normalEstimate>
<position>
<pt d="3">-1.320357 0.769514 190.13</pt>
<covMatrix nRows="2" nCols="2" type="UPPER_TRIANGULAR">
21776.294922 -962.341919 73.311081 
</covMatrix>
</position>
<velocity vType="VECTOR">
<pt d="3">-16.844524 0.745448 0.00</pt>
<covMatrix nRows="2" nCols="2" type="UPPER_TRIANGULAR">
218.799683 -9.669299 0.735141 
</covMatrix>
</velocity>
</normalEstimate>
<time name="UPDATE" format="dd MMM yyyy HH:mm:ss" zone="0">26 MAY 2000 12:03:30.399</time>
</track>
<track trackId="3D432" quality="1" transit="CONSTRAINED" classification="WHEELED">
<status> <confirmed/> <extrapolated/></status>
<normalEstimate>
<position>
<pt d="3">-1.319642 0.767775 229.25</pt>
<covMatrix nRows="2" nCols="2" type="UPPER_TRIANGULAR">
319000.687500 482401.468750 729829.375000 
</covMatrix>
</position>
<velocity vType="VECTOR">
<pt d="3">-16.384626 -24.785048 0.00</pt>
<covMatrix nRows="2" nCols="2" type="UPPER_TRIANGULAR">
52.486706 77.884224 118.815422 
</covMatrix>
</velocity>
</normalEstimate>
<time name="UPDATE" format="dd MMM yyyy HH:mm:ss" zone="0">26 MAY 2000 12:01:30.399</time>
</track>
<track trackId="AQ473" quality="1" transit="CONSTRAINED" classification="WHEELED">
<status> <confirmed/> <extrapolated/></status>
<normalEstimate>
<position>
<pt d="3">-1.319162 0.769650 203.30</pt>
<covMatrix nRows="2" nCols="2" type="UPPER_TRIANGULAR">
99.896873 -10.389115 16301.962891 
</covMatrix>
</position>
<velocity vType="VECTOR">
<pt d="3">-0.023308 36.348915 0.00</pt>
<covMatrix nRows="2" nCols="2" type="UPPER_TRIANGULAR">
0.998925 -0.035631 56.566505 
</covMatrix>
</velocity>
</normalEstimate>
<time name="UPDATE" format="dd MMM yyyy HH:mm:ss" zone="0">26 MAY 2000 12:03:20.200</time>
</track>
<track trackId="4Q724" quality="1" transit="CONSTRAINED" classification="WHEELED">
<status> <confirmed/> <extrapolated/></status>
<normalEstimate>
<position>
<pt d="3">-1.318547 0.769203 224.94</pt>
<covMatrix nRows="2" nCols="2" type="UPPER_TRIANGULAR">
976.683533 -7884.893066 64268.773438 
</covMatrix>
</position>
<velocity vType="VECTOR">
<pt d="3">1.431819 -11.668913 0.00</pt>
<covMatrix nRows="2" nCols="2" type="UPPER_TRIANGULAR">
0.295086 -1.656925 13.595232 
</covMatrix>
</velocity>
</normalEstimate>
<time name="UPDATE" format="dd MMM yyyy HH:mm:ss" zone="0">26 MAY 2000 12:01:50.200</time>
</track>
<track trackId="NJ053" quality="1" transit="CONSTRAINED" classification="WHEELED">
<status> <confirmed/> <extrapolated/></status>
<normalEstimate>
<position>
<pt d="3">-1.320355 0.769675 184.99</pt>
<covMatrix nRows="2" nCols="2" type="UPPER_TRIANGULAR">
32.580730 -199.811432 1234.263306 
</covMatrix>
</position>
<velocity vType="VECTOR">
<pt d="3">0.169437 -1.046443 0.00</pt>
<covMatrix nRows="2" nCols="2" type="UPPER_TRIANGULAR">
0.010230 -0.049109 0.305578 
</covMatrix>
</velocity>
</normalEstimate>
<time name="UPDATE" format="dd MMM yyyy HH:mm:ss" zone="0">26 MAY 2000 12:01:50.400</time>
</track>
<track trackId="5E461" quality="1" transit="CONSTRAINED" classification="WHEELED">
<status> <confirmed/> <extrapolated/></status>
<normalEstimate>
<position>
<pt d="3">-1.319678 0.767734 226.48</pt>
<covMatrix nRows="2" nCols="2" type="UPPER_TRIANGULAR">
664448.687500 1004961.187500 1520306.000000 
</covMatrix>
</position>
<velocity vType="VECTOR">
<pt d="3">-17.862076 -27.019987 0.00</pt>
<covMatrix nRows="2" nCols="2" type="UPPER_TRIANGULAR">
77.204109 115.274284 175.375397 
</covMatrix>
</velocity>
</normalEstimate>
<time name="UPDATE" format="dd MMM yyyy HH:mm:ss" zone="0">26 MAY 2000 12:01:40.400</time>
</track>
<track trackId="K6041" quality="1" transit="CONSTRAINED" classification="WHEELED">
<status> <confirmed/> <extrapolated/></status>
<normalEstimate>
<position>
<pt d="3">-1.320753 0.769688 182.42</pt>
<covMatrix nRows="2" nCols="2" type="UPPER_TRIANGULAR">
625770.312500 -246029.578125 96765.226562 
</covMatrix>
</position>
<velocity vType="VECTOR">
<pt d="3">-21.574883 8.482858 0.00</pt>
<covMatrix nRows="2" nCols="2" type="UPPER_TRIANGULAR">
387.235596 -152.132980 60.124023 
</covMatrix>
</velocity>
</normalEstimate>
<time name="UPDATE" format="dd MMM yyyy HH:mm:ss" zone="0">26 MAY 2000 12:02:40.400</time>
</track>
<track trackId="NS067" quality="1" transit="CONSTRAINED" classification="WHEELED">
<status> <confirmed/> <extrapolated/></status>
<normalEstimate>
<position>
<pt d="3">-1.320743 0.769420 195.45</pt>
<covMatrix nRows="2" nCols="2" type="UPPER_TRIANGULAR">
28310.281250 -14102.208984 7033.397949 
</covMatrix>
</position>
<velocity vType="VECTOR">
<pt d="3">-7.547249 3.760435 0.00</pt>
<covMatrix nRows="2" nCols="2" type="UPPER_TRIANGULAR">
19.696434 -9.779229 4.941899 
</covMatrix>
</velocity>
</normalEstimate>
<time name="UPDATE" format="dd MMM yyyy HH:mm:ss" zone="0">26 MAY 2000 12:03:00.599</time>
</track>
<track trackId="LK333" quality="1" transit="CONSTRAINED" classification="WHEELED">
<status> <confirmed/> <extrapolated/> <screened/></status>
<normalEstimate>
<position>
<pt d="3">-1.320938 0.769041 205.84</pt>
<covMatrix nRows="2" nCols="2" type="UPPER_TRIANGULAR">
1129.471680 -537.745361 256.275635 
</covMatrix>
</position>
<velocity vType="VECTOR">
<pt d="3">0.784141 -0.373400 0.00</pt>
<covMatrix nRows="2" nCols="2" type="UPPER_TRIANGULAR">
0.247765 -0.117001 0.057778 
</covMatrix>
</velocity>
</normalEstimate>
<time name="UPDATE" format="dd MMM yyyy HH:mm:ss" zone="0">26 MAY 2000 12:01:50.600</time>
</track>
<track trackId="HP042" quality="1" transit="CONSTRAINED" classification="WHEELED">
<status> <confirmed/> <extrapolated/></status>
<normalEstimate>
<position>
<pt d="3">-1.320652 0.768807 211.51</pt>
<covMatrix nRows="2" nCols="2" type="UPPER_TRIANGULAR">
12.420942 -54.878296 958.786865 
</covMatrix>
</position>
<velocity vType="VECTOR">
<pt d="3">-0.651286 11.268947 0.00</pt>
<covMatrix nRows="2" nCols="2" type="UPPER_TRIANGULAR">
0.105398 -0.223304 3.956232 
</covMatrix>
</velocity>
</normalEstimate>
<time name="UPDATE" format="dd MMM yyyy HH:mm:ss" zone="0">26 MAY 2000 12:03:20.599</time>
</track>
<track trackId="43476" quality="1" transit="CONSTRAINED" classification="WHEELED">
<status> <confirmed/> <extrapolated/></status>
<normalEstimate>
<position>
<pt d="3">-1.319656 0.769237 215.21</pt>
<covMatrix nRows="2" nCols="2" type="UPPER_TRIANGULAR">
9479.640625 -68800.406250 504755.437500 
</covMatrix>
</position>
<velocity vType="VECTOR">
<pt d="3">2.794914 -20.500874 0.00</pt>
<covMatrix nRows="2" nCols="2" type="UPPER_TRIANGULAR">
7.377944 -46.783840 344.162384 
</covMatrix>
</velocity>
</normalEstimate>
<time name="UPDATE" format="dd MMM yyyy HH:mm:ss" zone="0">26 MAY 2000 12:03:00.199</time>
</track>
<track trackId="AT002" quality="1" transit="CONSTRAINED" classification="WHEELED">
<status> <confirmed/> <extrapolated/></status>
<normalEstimate>
<position>
<pt d="3">-1.319033 0.768686 225.04</pt>
<covMatrix nRows="2" nCols="2" type="UPPER_TRIANGULAR">
158040.515625 -464251.937500 1363889.625000 
</covMatrix>
</position>
<velocity vType="VECTOR">
<pt d="3">-2.517963 7.397258 0.00</pt>
<covMatrix nRows="2" nCols="2" type="UPPER_TRIANGULAR">
32.904434 -96.280739 282.984283 
</covMatrix>
</velocity>
</normalEstimate>
<time name="UPDATE" format="dd MMM yyyy HH:mm:ss" zone="0">26 MAY 2000 12:01:40.199</time>
</track>
<track trackId="5W511" quality="1" transit="CONSTRAINED" classification="WHEELED">
<status> <confirmed/> <extrapolated/></status>
<normalEstimate>
<position>
<pt d="3">-1.320476 0.769698 179.81</pt>
<covMatrix nRows="2" nCols="2" type="UPPER_TRIANGULAR">
147831.562500 48084.324219 15643.820312 
</covMatrix>
</position>
<velocity vType="VECTOR">
<pt d="3">-5.547289 -1.804376 0.00</pt>
<covMatrix nRows="2" nCols="2" type="UPPER_TRIANGULAR">
54.640770 17.762188 5.811067 
</covMatrix>
</velocity>
</normalEstimate>
<time name="UPDATE" format="dd MMM yyyy HH:mm:ss" zone="0">26 MAY 2000 12:02:10.400</time>
</track>
<track trackId="H7321" quality="1" transit="CONSTRAINED" classification="WHEELED">
<status> <confirmed/> <extrapolated/></status>
<normalEstimate>
<position>
<pt d="3">-1.319738 0.768522 211.09</pt>
<covMatrix nRows="2" nCols="2" type="UPPER_TRIANGULAR">
4406.412109 -19903.007812 90398.250000 
</covMatrix>
</position>
<velocity vType="VECTOR">
<pt d="3">1.488073 -6.756998 0.00</pt>
<covMatrix nRows="2" nCols="2" type="UPPER_TRIANGULAR">
1.567647 -6.063337 27.764565 
</covMatrix>
</velocity>
</normalEstimate>
<time name="UPDATE" format="dd MMM yyyy HH:mm:ss" zone="0">26 MAY 2000 12:02:10.400</time>
</track>
<track trackId="6L246" quality="1" transit="CONSTRAINED" classification="WHEELED">
<status> <confirmed/> <extrapolated/></status>
<normalEstimate>
<position>
<pt d="3">-1.320476 0.770054 173.36</pt>
<covMatrix nRows="2" nCols="2" type="UPPER_TRIANGULAR">
1330.578857 6574.694336 32496.753906 
</covMatrix>
</position>
<velocity vType="VECTOR">
<pt d="3">-0.426782 -2.109430 0.00</pt>
<covMatrix nRows="2" nCols="2" type="UPPER_TRIANGULAR">
0.333238 1.628252 8.051676 
</covMatrix>
</velocity>
</normalEstimate>
<time name="UPDATE" format="dd MMM yyyy HH:mm:ss" zone="0">26 MAY 2000 12:01:50.400</time>
</track>
<track trackId="PA117" quality="1" transit="CONSTRAINED" classification="WHEELED">
<status> <confirmed/> <extrapolated/></status>
<normalEstimate>
<position>
<pt d="3">-1.319332 0.769771 197.13</pt>
<covMatrix nRows="2" nCols="2" type="UPPER_TRIANGULAR">
2728.322998 2778.813477 3037.746094 
</covMatrix>
</position>
<velocity vType="VECTOR">
<pt d="3">23.752998 25.112244 0.00</pt>
<covMatrix nRows="2" nCols="2" type="UPPER_TRIANGULAR">
14.911177 14.708101 16.548935 
</covMatrix>
</velocity>
</normalEstimate>
<time name="UPDATE" format="dd MMM yyyy HH:mm:ss" zone="0">26 MAY 2000 12:03:20.200</time>
</track>
<track trackId="1H221" quality="1" transit="CONSTRAINED" classification="WHEELED">
<status> <confirmed/> <extrapolated/></status>
<normalEstimate>
<position>
<pt d="3">-1.319652 0.769222 214.25</pt>
<covMatrix nRows="2" nCols="2" type="UPPER_TRIANGULAR">
6989.175781 -50532.679688 370760.468750 
</covMatrix>
</position>
<velocity vType="VECTOR">
<pt d="3">3.212863 -23.566559 0.00</pt>
<covMatrix nRows="2" nCols="2" type="UPPER_TRIANGULAR">
8.970762 -58.467266 429.861084 
</covMatrix>
</velocity>
</normalEstimate>
<time name="UPDATE" format="dd MMM yyyy HH:mm:ss" zone="0">26 MAY 2000 12:03:10.200</time>
</track>
<track trackId="64525" quality="1" transit="CONSTRAINED" classification="WHEELED">
<status> <confirmed/> <extrapolated/></status>
<normalEstimate>
<position>
<pt d="3">-1.319037 0.768694 223.57</pt>
<covMatrix nRows="2" nCols="2" type="UPPER_TRIANGULAR">
8231.685547 -85830.164062 896045.937500 
</covMatrix>
</position>
<velocity vType="VECTOR">
<pt d="3">-0.706010 7.370491 0.00</pt>
<covMatrix nRows="2" nCols="2" type="UPPER_TRIANGULAR">
2.129346 -21.173042 221.140091 
</covMatrix>
</velocity>
</normalEstimate>
<time name="UPDATE" format="dd MMM yyyy HH:mm:ss" zone="0">26 MAY 2000 12:01:50.200</time>
</track>
<track trackId="R1132" quality="1" transit="CONSTRAINED" classification="WHEELED">
<status> <confirmed/> <extrapolated/></status>
<normalEstimate>
<position>
<pt d="3">-1.319532 0.769754 195.63</pt>
<covMatrix nRows="2" nCols="2" type="UPPER_TRIANGULAR">
25.419981 9.805878 4.021246 
</covMatrix>
</position>
<velocity vType="VECTOR">
<pt d="3">1.837928 0.714823 0.00</pt>
<covMatrix nRows="2" nCols="2" type="UPPER_TRIANGULAR">
0.091191 0.034660 0.015555 
</covMatrix>
</velocity>
</normalEstimate>
<time name="UPDATE" format="dd MMM yyyy HH:mm:ss" zone="0">26 MAY 2000 12:03:20.200</time>
</track>
<track trackId="HH335" quality="1" transit="CONSTRAINED" classification="WHEELED">
<status> <confirmed/> <extrapolated/></status>
<normalEstimate>
<position>
<pt d="3">-1.318650 0.769025 219.14</pt>
<covMatrix nRows="2" nCols="2" type="UPPER_TRIANGULAR">
7728.086426 8691.432617 9783.049805 
</covMatrix>
</position>
<velocity vType="VECTOR">
<pt d="3">3.291471 3.703502 0.00</pt>
<covMatrix nRows="2" nCols="2" type="UPPER_TRIANGULAR">
2.120858 2.345690 2.675463 
</covMatrix>
</velocity>
</normalEstimate>
<time name="UPDATE" format="dd MMM yyyy HH:mm:ss" zone="0">26 MAY 2000 12:02:00.199</time>
</track>
<track trackId="GE057" quality="1" transit="CONSTRAINED" classification="WHEELED">
<status> <confirmed/> <extrapolated/> <screened/></status>
<normalEstimate>
<position>
<pt d="3">-1.320682 0.768768 212.32</pt>
<covMatrix nRows="2" nCols="2" type="UPPER_TRIANGULAR">
913.350586 243.846924 94.104004 
</covMatrix>
</position>
<velocity vType="VECTOR">
<pt d="3">14.928993 4.107246 0.00</pt>
<covMatrix nRows="2" nCols="2" type="UPPER_TRIANGULAR">
6.481073 1.708735 0.740277 
</covMatrix>
</velocity>
</normalEstimate>
<time name="UPDATE" format="dd MMM yyyy HH:mm:ss" zone="0">26 MAY 2000 12:03:20.599</time>
</track>
<track trackId="0G252" quality="1" transit="CONSTRAINED" classification="WHEELED">
<status> <confirmed/> <extrapolated/></status>
<normalEstimate>
<position>
<pt d="3">-1.319297 0.769826 191.92</pt>
<covMatrix nRows="2" nCols="2" type="UPPER_TRIANGULAR">
9971.094727 21803.859375 48261.453125 
</covMatrix>
</position>
<velocity vType="VECTOR">
<pt d="3">18.344355 40.519955 0.00</pt>
<covMatrix nRows="2" nCols="2" type="UPPER_TRIANGULAR">
70.824371 154.232468 341.676239 
</covMatrix>
</velocity>
</normalEstimate>
<time name="UPDATE" format="dd MMM yyyy HH:mm:ss" zone="0">26 MAY 2000 12:03:20.200</time>
</track>
<track trackId="DL075" quality="1" transit="CONSTRAINED" classification="WHEELED">
<status> <confirmed/> <extrapolated/></status>
<normalEstimate>
<position>
<pt d="3">-1.320549 0.769618 182.99</pt>
<covMatrix nRows="2" nCols="2" type="UPPER_TRIANGULAR">
9495.679688 -4580.112305 2332.408936 
</covMatrix>
</position>
<velocity vType="VECTOR">
<pt d="3">-17.369900 8.467118 0.00</pt>
<covMatrix nRows="2" nCols="2" type="UPPER_TRIANGULAR">
36.800270 -17.452192 9.505138 
</covMatrix>
</velocity>
</normalEstimate>
<time name="UPDATE" format="dd MMM yyyy HH:mm:ss" zone="0">26 MAY 2000 12:03:20.399</time>
</track>
<track trackId="NW705" quality="1" transit="CONSTRAINED" classification="WHEELED">
<status> <confirmed/> <extrapolated/></status>
<normalEstimate>
<position>
<pt d="3">-1.320563 0.769707 182.92</pt>
<covMatrix nRows="2" nCols="2" type="UPPER_TRIANGULAR">
191.832336 -560.890320 1662.748291 
</covMatrix>
</position>
<velocity vType="VECTOR">
<pt d="3">-1.575791 4.664772 0.00</pt>
<covMatrix nRows="2" nCols="2" type="UPPER_TRIANGULAR">
0.197680 -0.515329 1.549112 
</covMatrix>
</velocity>
</normalEstimate>
<time name="UPDATE" format="dd MMM yyyy HH:mm:ss" zone="0">26 MAY 2000 12:02:50.400</time>
</track>
<track trackId="JX136" quality="1" transit="CONSTRAINED" classification="WHEELED">
<status> <confirmed/> <extrapolated/></status>
<normalEstimate>
<position>
<pt d="3">-1.320100 0.768613 213.61</pt>
<covMatrix nRows="2" nCols="2" type="UPPER_TRIANGULAR">
4053.597656 2824.282959 1985.265259 
</covMatrix>
</position>
<velocity vType="VECTOR">
<pt d="3">3.764537 2.630517 0.00</pt>
<covMatrix nRows="2" nCols="2" type="UPPER_TRIANGULAR">
5.212412 3.560048 2.605250 
</covMatrix>
</velocity>
</normalEstimate>
<time name="UPDATE" format="dd MMM yyyy HH:mm:ss" zone="0">26 MAY 2000 12:03:00.599</time>
</track>
<track trackId="RD455" quality="1" transit="CONSTRAINED" classification="WHEELED">
<status> <confirmed/> <extrapolated/></status>
<normalEstimate>
<position>
<pt d="3">-1.318813 0.768782 225.99</pt>
<covMatrix nRows="2" nCols="2" type="UPPER_TRIANGULAR">
26709.308594 41587.339844 65096.246094 
</covMatrix>
</position>
<velocity vType="VECTOR">
<pt d="3">10.459288 16.346672 0.00</pt>
<covMatrix nRows="2" nCols="2" type="UPPER_TRIANGULAR">
22.628263 33.802792 53.829720 
</covMatrix>
</velocity>
</normalEstimate>
<time name="UPDATE" format="dd MMM yyyy HH:mm:ss" zone="0">26 MAY 2000 12:02:40.200</time>
</track>
<track trackId="AA063" quality="1" transit="CONSTRAINED" classification="WHEELED">
<status> <confirmed/> <extrapolated/></status>
<normalEstimate>
<position>
<pt d="3">-1.320027 0.769648 190.69</pt>
<covMatrix nRows="2" nCols="2" type="UPPER_TRIANGULAR">
97.228172 626.047424 4196.117676 
</covMatrix>
</position>
<velocity vType="VECTOR">
<pt d="3">0.710395 4.757215 0.00</pt>
<covMatrix nRows="2" nCols="2" type="UPPER_TRIANGULAR">
0.103300 0.441265 2.992373 
</covMatrix>
</velocity>
</normalEstimate>
<time name="UPDATE" format="dd MMM yyyy HH:mm:ss" zone="0">26 MAY 2000 12:02:40.200</time>
</track>
<track trackId="NH164" quality="1" transit="CONSTRAINED" classification="WHEELED">
<status> <confirmed/> <extrapolated/></status>
<normalEstimate>
<position>
<pt d="3">-1.319653 0.769224 214.40</pt>
<covMatrix nRows="2" nCols="2" type="UPPER_TRIANGULAR">
3427.818848 -24409.888672 179148.125000 
</covMatrix>
</position>
<velocity vType="VECTOR">
<pt d="3">2.982315 -21.875473 0.00</pt>
<covMatrix nRows="2" nCols="2" type="UPPER_TRIANGULAR">
3.060858 -15.117734 111.889404 
</covMatrix>
</velocity>
</normalEstimate>
<time name="UPDATE" format="dd MMM yyyy HH:mm:ss" zone="0">26 MAY 2000 12:02:50.200</time>
</track>
<track trackId="UX503" quality="1" transit="CONSTRAINED" classification="WHEELED">
<status> <confirmed/> <extrapolated/> <screened/></status>
<normalEstimate>
<position>
<pt d="3">-1.319748 0.768539 210.42</pt>
<covMatrix nRows="2" nCols="2" type="UPPER_TRIANGULAR">
5576.669434 -10935.970703 21552.144531 
</covMatrix>
</position>
<velocity vType="VECTOR">
<pt d="3">7.433904 -14.635531 0.00</pt>
<covMatrix nRows="2" nCols="2" type="UPPER_TRIANGULAR">
3.933467 -7.312810 14.616160 
</covMatrix>
</velocity>
</normalEstimate>
<time name="UPDATE" format="dd MMM yyyy HH:mm:ss" zone="0">26 MAY 2000 12:02:40.400</time>
</track>
<track trackId="0A545" quality="1" transit="CONSTRAINED" classification="WHEELED">
<status> <confirmed/> <extrapolated/></status>
<normalEstimate>
<position>
<pt d="3">-1.320396 0.768828 209.97</pt>
<covMatrix nRows="2" nCols="2" type="UPPER_TRIANGULAR">
90.622368 -353.516846 1438.700562 
</covMatrix>
</position>
<velocity vType="VECTOR">
<pt d="3">-1.207040 4.900172 0.00</pt>
<covMatrix nRows="2" nCols="2" type="UPPER_TRIANGULAR">
0.155380 -0.486997 2.012461 
</covMatrix>
</velocity>
</normalEstimate>
<time name="UPDATE" format="dd MMM yyyy HH:mm:ss" zone="0">26 MAY 2000 12:03:00.399</time>
</track>
<track trackId="DE370" quality="1" transit="CONSTRAINED" classification="WHEELED">
<status> <confirmed/> <extrapolated/></status>
<normalEstimate>
<position>
<pt d="3">-1.318604 0.768492 231.50</pt>
<covMatrix nRows="2" nCols="2" type="UPPER_TRIANGULAR">
68822.054688 5233.724121 498.562195 
</covMatrix>
</position>
<velocity vType="VECTOR">
<pt d="3">23.987709 1.826852 0.00</pt>
<covMatrix nRows="2" nCols="2" type="UPPER_TRIANGULAR">
68.857239 5.167880 1.393306 
</covMatrix>
</velocity>
</normalEstimate>
<time name="UPDATE" format="dd MMM yyyy HH:mm:ss" zone="0">26 MAY 2000 12:02:50.200</time>
</track>
<track trackId="BV371" quality="1" transit="CONSTRAINED" classification="WHEELED">
<status> <confirmed/> <extrapolated/></status>
<normalEstimate>
<position>
<pt d="3">-1.318990 0.768712 230.78</pt>
<covMatrix nRows="2" nCols="2" type="UPPER_TRIANGULAR">
1568.352417 92.365105 105.709641 
</covMatrix>
</position>
<velocity vType="VECTOR">
<pt d="3">18.550810 1.166839 0.00</pt>
<covMatrix nRows="2" nCols="2" type="UPPER_TRIANGULAR">
23.270601 1.400875 1.087114 
</covMatrix>
</velocity>
</normalEstimate>
<time name="UPDATE" format="dd MMM yyyy HH:mm:ss" zone="0">26 MAY 2000 12:03:30.199</time>
</track>
<track trackId="YC024" quality="1" transit="CONSTRAINED" classification="WHEELED">
<status> <confirmed/> <extrapolated/></status>
<normalEstimate>
<position>
<pt d="3">-1.320468 0.769700 180.16</pt>
<covMatrix nRows="2" nCols="2" type="UPPER_TRIANGULAR">
13572.494141 5543.788574 2268.720215 
</covMatrix>
</position>
<velocity vType="VECTOR">
<pt d="3">-5.391791 -2.202919 0.00</pt>
<covMatrix nRows="2" nCols="2" type="UPPER_TRIANGULAR">
25.398914 10.362090 4.270631 
</covMatrix>
</velocity>
</normalEstimate>
<time name="UPDATE" format="dd MMM yyyy HH:mm:ss" zone="0">26 MAY 2000 12:03:00.399</time>
</track>
<track trackId="QS227" quality="1" transit="CONSTRAINED" classification="WHEELED">
<status> <confirmed/> <extrapolated/></status>
<normalEstimate>
<position>
<pt d="3">-1.320544 0.769785 181.88</pt>
<covMatrix nRows="2" nCols="2" type="UPPER_TRIANGULAR">
802.915039 -2706.940918 10524.079102 
</covMatrix>
</position>
<velocity vType="VECTOR">
<pt d="3">-7.905561 30.443371 0.00</pt>
<covMatrix nRows="2" nCols="2" type="UPPER_TRIANGULAR">
8.138237 -27.489487 106.858467 
</covMatrix>
</velocity>
</normalEstimate>
<time name="UPDATE" format="dd MMM yyyy HH:mm:ss" zone="0">26 MAY 2000 12:03:30.399</time>
</track>
<track trackId="EC141" quality="1" transit="CONSTRAINED" classification="WHEELED">
<status> <confirmed/> <extrapolated/></status>
<normalEstimate>
<position>
<pt d="3">-1.320325 0.768766 215.01</pt>
<covMatrix nRows="2" nCols="2" type="UPPER_TRIANGULAR">
5393.579590 2811.625000 1480.045410 
</covMatrix>
</position>
<velocity vType="VECTOR">
<pt d="3">6.604676 3.450184 0.00</pt>
<covMatrix nRows="2" nCols="2" type="UPPER_TRIANGULAR">
5.874084 3.009531 1.685082 
</covMatrix>
</velocity>
</normalEstimate>
<time name="UPDATE" format="dd MMM yyyy HH:mm:ss" zone="0">26 MAY 2000 12:02:50.599</time>
</track>
<track trackId="NK473" quality="1" transit="CONSTRAINED" classification="WHEELED">
<status> <confirmed/> <extrapolated/></status>
<normalEstimate>
<position>
<pt d="3">-1.319317 0.769790 194.75</pt>
<covMatrix nRows="2" nCols="2" type="UPPER_TRIANGULAR">
387.099945 634.240112 1500.906372 
</covMatrix>
</position>
<velocity vType="VECTOR">
<pt d="3">15.281777 33.755177 0.00</pt>
<covMatrix nRows="2" nCols="2" type="UPPER_TRIANGULAR">
5.144688 9.155790 21.223421 
</covMatrix>
</velocity>
</normalEstimate>
<time name="UPDATE" format="dd MMM yyyy HH:mm:ss" zone="0">26 MAY 2000 12:03:30.199</time>
</track>
<track trackId="2K610" quality="1" transit="CONSTRAINED" classification="WHEELED">
<status> <confirmed/> <extrapolated/></status>
<normalEstimate>
<position>
<pt d="3">-1.319657 0.769244 215.72</pt>
<covMatrix nRows="2" nCols="2" type="UPPER_TRIANGULAR">
231.059906 -961.453247 7152.306152 
</covMatrix>
</position>
<velocity vType="VECTOR">
<pt d="3">2.704293 -19.836168 0.00</pt>
<covMatrix nRows="2" nCols="2" type="UPPER_TRIANGULAR">
4.716698 -27.263428 200.978867 
</covMatrix>
</velocity>
</normalEstimate>
<time name="UPDATE" format="dd MMM yyyy HH:mm:ss" zone="0">26 MAY 2000 12:03:30.199</time>
</track>
<track trackId="GS711" quality="1" transit="CONSTRAINED" classification="WHEELED">
<status> <confirmed/> <extrapolated/></status>
<normalEstimate>
<position>
<pt d="3">-1.318813 0.768782 226.01</pt>
<covMatrix nRows="2" nCols="2" type="UPPER_TRIANGULAR">
53608.007812 83626.929688 130799.328125 
</covMatrix>
</position>
<velocity vType="VECTOR">
<pt d="3">10.747007 16.796345 0.00</pt>
<covMatrix nRows="2" nCols="2" type="UPPER_TRIANGULAR">
176.347610 274.048584 429.306458 
</covMatrix>
</velocity>
</normalEstimate>
<time name="UPDATE" format="dd MMM yyyy HH:mm:ss" zone="0">26 MAY 2000 12:03:10.200</time>
</track>
<track trackId="37345" quality="1" transit="CONSTRAINED" classification="WHEELED">
<status> <confirmed/> <extrapolated/></status>
<normalEstimate>
<position>
<pt d="3">-1.320386 0.768840 207.88</pt>
<covMatrix nRows="2" nCols="2" type="UPPER_TRIANGULAR">
14877.685547 18390.583984 22916.591797 
</covMatrix>
</position>
<velocity vType="VECTOR">
<pt d="3">-12.048491 -14.966226 0.00</pt>
<covMatrix nRows="2" nCols="2" type="UPPER_TRIANGULAR">
113.460548 140.037125 174.673660 
</covMatrix>
</velocity>
</normalEstimate>
<time name="UPDATE" format="dd MMM yyyy HH:mm:ss" zone="0">26 MAY 2000 12:03:20.599</time>
</track>
<track trackId="K7461" quality="1" transit="CONSTRAINED" classification="WHEELED">
<status> <confirmed/> <extrapolated/></status>
<normalEstimate>
<position>
<pt d="3">-1.320932 0.768527 199.02</pt>
<covMatrix nRows="2" nCols="2" type="UPPER_TRIANGULAR">
339.744690 237.584335 170.702728 
</covMatrix>
</position>
<velocity vType="VECTOR">
<pt d="3">-3.265236 -2.304093 0.00</pt>
<covMatrix nRows="2" nCols="2" type="UPPER_TRIANGULAR">
0.898038 0.612152 0.462490 
</covMatrix>
</velocity>
</normalEstimate>
<time name="UPDATE" format="dd MMM yyyy HH:mm:ss" zone="0">26 MAY 2000 12:03:10.800</time>
</track>
<track trackId="J4203" quality="1" transit="CONSTRAINED" classification="WHEELED">
<status> <confirmed/> <extrapolated/></status>
<normalEstimate>
<position>
<pt d="3">-1.319202 0.769594 214.24</pt>
<covMatrix nRows="2" nCols="2" type="UPPER_TRIANGULAR">
12245.708008 8879.443359 6591.429199 
</covMatrix>
</position>
<velocity vType="VECTOR">
<pt d="3">11.683927 8.541789 0.00</pt>
<covMatrix nRows="2" nCols="2" type="UPPER_TRIANGULAR">
29.428999 20.784233 16.193951 
</covMatrix>
</velocity>
</normalEstimate>
<time name="UPDATE" format="dd MMM yyyy HH:mm:ss" zone="0">26 MAY 2000 12:03:10.200</time>
</track>
<track trackId="LL753" quality="1" transit="CONSTRAINED" classification="WHEELED">
<status> <confirmed/> <extrapolated/></status>
<normalEstimate>
<position>
<pt d="3">-1.320437 0.768888 210.13</pt>
<covMatrix nRows="2" nCols="2" type="UPPER_TRIANGULAR">
17.804012 -33.009323 200.781128 
</covMatrix>
</position>
<velocity vType="VECTOR">
<pt d="3">-1.459233 8.344013 0.00</pt>
<covMatrix nRows="2" nCols="2" type="UPPER_TRIANGULAR">
0.195953 -0.432521 2.593504 
</covMatrix>
</velocity>
</normalEstimate>
<time name="UPDATE" format="dd MMM yyyy HH:mm:ss" zone="0">26 MAY 2000 12:03:30.599</time>
</track>
<track trackId="5A374" quality="1" transit="CONSTRAINED" classification="WHEELED">
<status> <confirmed/> <extrapolated/></status>
<normalEstimate>
<position>
<pt d="3">-1.319299 0.769651 211.57</pt>
<covMatrix nRows="2" nCols="2" type="UPPER_TRIANGULAR">
4165.271484 3497.685547 3109.337402 
</covMatrix>
</position>
<velocity vType="VECTOR">
<pt d="3">15.944566 13.718399 0.00</pt>
<covMatrix nRows="2" nCols="2" type="UPPER_TRIANGULAR">
118.128929 100.775520 87.705284 
</covMatrix>
</velocity>
</normalEstimate>
<time name="UPDATE" format="dd MMM yyyy HH:mm:ss" zone="0">26 MAY 2000 12:03:30.199</time>
</track>
<track trackId="P1523" quality="1" transit="CONSTRAINED" classification="WHEELED">
<status> <confirmed/> <extrapolated/></status>
<normalEstimate>
<position>
<pt d="3">-1.320284 0.769827 182.45</pt>
<covMatrix nRows="2" nCols="2" type="UPPER_TRIANGULAR">
3309.242188 3328.338623 3551.843262 
</covMatrix>
</position>
<velocity vType="VECTOR">
<pt d="3">17.891895 18.555841 0.00</pt>
<covMatrix nRows="2" nCols="2" type="UPPER_TRIANGULAR">
97.263077 99.835335 104.540031 
</covMatrix>
</velocity>
</normalEstimate>
<time name="UPDATE" format="dd MMM yyyy HH:mm:ss" zone="0">26 MAY 2000 12:03:30.399</time>
</track>
<track trackId="7B423" quality="1" transit="CONSTRAINED" classification="WHEELED">
<status> <confirmed/> <extrapolated/></status>
<normalEstimate>
<position>
<pt d="3">-1.320406 0.768853 208.71</pt>
<covMatrix nRows="2" nCols="2" type="UPPER_TRIANGULAR">
37.250427 19.888258 11.582813 
</covMatrix>
</position>
<velocity vType="VECTOR">
<pt d="3">-2.427775 -1.322732 0.00</pt>
<covMatrix nRows="2" nCols="2" type="UPPER_TRIANGULAR">
1.139561 0.616800 0.343524 
</covMatrix>
</velocity>
</normalEstimate>
<time name="UPDATE" format="dd MMM yyyy HH:mm:ss" zone="0">26 MAY 2000 12:03:30.599</time>
</track>
<track trackId="1G332" quality="1" transit="UNCONSTRAINED" type="FLIER" classification="WHEELED">
<status> <confirmed/></status>
<normalEstimate>
<position>
<pt d="3">-1.320517 0.769607 184.58</pt>
<covMatrix nRows="2" nCols="2" type="UPPER_TRIANGULAR">
24.543446 -76.178192 380.837646 
</covMatrix>
</position>
<velocity vType="VECTOR">
<pt d="3">-53.346897 26.005243 0.00</pt>
<covMatrix nRows="2" nCols="2" type="UPPER_TRIANGULAR">
21448.566406 4393.433105 899.973511 
</covMatrix>
</velocity>
</normalEstimate>
<truth id="unknown" application="unknown">
 <acceleration>
<pt d="3">0.000000 0.000000 0.00</pt>
</acceleration>
<position>
<pt d="3">-1.320518 0.769608 184.90</pt>
</position>
<velocity vType="VECTOR">
<pt d="3">-9.740000 4.750000 -0.49</pt>
</velocity>
</truth>
<time name="UPDATE" format="dd MMM yyyy HH:mm:ss" zone="0">26 MAY 2000 12:03:40.400</time>
</track>
<track trackId="7E621" quality="1" transit="UNCONSTRAINED" type="FLIER" classification="WHEELED">
<status> <confirmed/> <dropped/> <extrapolated/></status>
<normalEstimate>
<position>
<pt d="3">-1.319521 0.768851 269.86</pt>
<covMatrix nRows="2" nCols="2" type="UPPER_TRIANGULAR">
48129460.000000 8606284.000000 16316167.000000 
</covMatrix>
</position>
<velocity vType="VECTOR">
<pt d="3">-6.752353 46.217407 0.00</pt>
<covMatrix nRows="2" nCols="2" type="UPPER_TRIANGULAR">
43372.730469 5316.500000 23720.185547 
</covMatrix>
</velocity>
</normalEstimate>
<time name="UPDATE" format="dd MMM yyyy HH:mm:ss" zone="0">26 MAY 2000 12:03:00.199</time>
</track>
<track trackId="C5714" quality="1" transit="UNCONSTRAINED" type="FLIER" classification="WHEELED">
<status> <confirmed/></status>
<normalEstimate>
<position>
<pt d="3">-1.320321 0.769798 182.50</pt>
<covMatrix nRows="2" nCols="2" type="UPPER_TRIANGULAR">
23.393610 -73.432449 382.022919 
</covMatrix>
</position>
<velocity vType="VECTOR">
<pt d="3">39.116203 40.567577 0.00</pt>
<covMatrix nRows="2" nCols="2" type="UPPER_TRIANGULAR">
21516.880859 4235.077637 833.613831 
</covMatrix>
</velocity>
</normalEstimate>
<truth id="unknown" application="unknown">
 <acceleration>
<pt d="3">0.000000 0.000000 0.00</pt>
</acceleration>
<position>
<pt d="3">-1.320320 0.769799 182.47</pt>
</position>
<velocity vType="VECTOR">
<pt d="3">12.100000 12.550000 0.07</pt>
</velocity>
</truth>
<time name="UPDATE" format="dd MMM yyyy HH:mm:ss" zone="0">26 MAY 2000 12:03:40.400</time>
</track>
<track trackId="EX367" quality="1" transit="UNCONSTRAINED" type="FLIER" classification="WHEELED">
<status> <confirmed/> <dropped/> <extrapolated/></status>
<normalEstimate>
<position>
<pt d="3">-1.319654 0.769931 272.04</pt>
<covMatrix nRows="2" nCols="2" type="UPPER_TRIANGULAR">
48367396.000000 8192758.000000 16102375.000000 
</covMatrix>
</position>
<velocity vType="VECTOR">
<pt d="3">-24.444092 46.988598 0.00</pt>
<covMatrix nRows="2" nCols="2" type="UPPER_TRIANGULAR">
43521.441406 5061.046387 23589.845703 
</covMatrix>
</velocity>
</normalEstimate>
<time name="UPDATE" format="dd MMM yyyy HH:mm:ss" zone="0">26 MAY 2000 12:03:00.199</time>
</track>
<track trackId="JP122" quality="1" transit="UNCONSTRAINED" type="FLIER" classification="WHEELED">
<status> <confirmed/></status>
<normalEstimate>
<position>
<pt d="3">-1.320603 0.768819 213.43</pt>
<covMatrix nRows="2" nCols="2" type="UPPER_TRIANGULAR">
26.125214 -79.768669 379.122894 
</covMatrix>
</position>
<velocity vType="VECTOR">
<pt d="3">-44.699776 29.412313 0.00</pt>
<covMatrix nRows="2" nCols="2" type="UPPER_TRIANGULAR">
21349.839844 4600.506836 991.368164 
</covMatrix>
</velocity>
</normalEstimate>
<truth id="unknown" application="unknown">
 <acceleration>
<pt d="3">0.000000 0.000000 0.00</pt>
</acceleration>
<position>
<pt d="3">-1.320602 0.768819 213.38</pt>
</position>
<velocity vType="VECTOR">
<pt d="3">-11.570000 -0.870000 -0.67</pt>
</velocity>
</truth>
<time name="UPDATE" format="dd MMM yyyy HH:mm:ss" zone="0">26 MAY 2000 12:03:40.600</time>
</track>
<track trackId="W1650" quality="1" transit="UNCONSTRAINED" type="FLIER" classification="WHEELED">
<status> <confirmed/> <dropped/> <extrapolated/></status>
<normalEstimate>
<position>
<pt d="3">-1.320468 0.769742 193.51</pt>
<covMatrix nRows="2" nCols="2" type="UPPER_TRIANGULAR">
47515644.000000 8686156.000000 16178210.000000 
</covMatrix>
</position>
<velocity vType="VECTOR">
<pt d="3">-34.486191 -29.155596 0.00</pt>
<covMatrix nRows="2" nCols="2" type="UPPER_TRIANGULAR">
43229.710938 5419.587891 23677.220703 
</covMatrix>
</velocity>
</normalEstimate>
<time name="UPDATE" format="dd MMM yyyy HH:mm:ss" zone="0">26 MAY 2000 12:03:00.399</time>
</track>
<track trackId="ZP316" quality="1" transit="UNCONSTRAINED" type="FLIER" classification="WHEELED">
<status> <confirmed/></status>
<normalEstimate>
<position>
<pt d="3">-1.320540 0.769776 181.30</pt>
<covMatrix nRows="2" nCols="2" type="UPPER_TRIANGULAR">
24.402355 -75.848625 381.005676 
</covMatrix>
</position>
<velocity vType="VECTOR">
<pt d="3">-16.411293 46.029331 0.00</pt>
<covMatrix nRows="2" nCols="2" type="UPPER_TRIANGULAR">
21458.224609 4374.425781 891.802063 
</covMatrix>
</velocity>
</normalEstimate>
<truth id="unknown" application="unknown">
 <acceleration>
<pt d="3">0.000000 0.000000 0.00</pt>
</acceleration>
<position>
<pt d="3">-1.320540 0.769775 181.28</pt>
</position>
<velocity vType="VECTOR">
<pt d="3">-9.190000 25.799999 -0.55</pt>
</velocity>
</truth>
<time name="UPDATE" format="dd MMM yyyy HH:mm:ss" zone="0">26 MAY 2000 12:03:40.400</time>
</track>
<track trackId="1T013" quality="1" transit="UNCONSTRAINED" type="FLIER" classification="WHEELED">
<status> <confirmed/> <extrapolated/></status>
<normalEstimate>
<position>
<pt d="3">-1.320401 0.768590 184.75</pt>
<covMatrix nRows="2" nCols="2" type="UPPER_TRIANGULAR">
24294804.000000 4860282.000000 6943467.000000 
</covMatrix>
</position>
<velocity vType="VECTOR">
<pt d="3">-6.360190 -50.500164 0.00</pt>
<covMatrix nRows="2" nCols="2" type="UPPER_TRIANGULAR">
37787.808594 5460.545410 18293.511719 
</covMatrix>
</velocity>
</normalEstimate>
<time name="UPDATE" format="dd MMM yyyy HH:mm:ss" zone="0">26 MAY 2000 12:03:10.600</time>
</track>
<track trackId="3W351" quality="1" transit="UNCONSTRAINED" type="FLIER" classification="WHEELED">
<status> <confirmed/> <extrapolated/></status>
<normalEstimate>
<position>
<pt d="3">-1.320411 0.769662 177.74</pt>
<covMatrix nRows="2" nCols="2" type="UPPER_TRIANGULAR">
24814148.000000 4667807.500000 6941014.000000 
</covMatrix>
</position>
<velocity vType="VECTOR">
<pt d="3">-23.660946 -38.864830 0.00</pt>
<covMatrix nRows="2" nCols="2" type="UPPER_TRIANGULAR">
38064.976562 5174.687500 18250.990234 
</covMatrix>
</velocity>
</normalEstimate>
<time name="UPDATE" format="dd MMM yyyy HH:mm:ss" zone="0">26 MAY 2000 12:03:10.400</time>
</track>
<track trackId="PD315" quality="1" transit="UNCONSTRAINED" type="FLIER" classification="WHEELED">
<status> <confirmed/> <extrapolated/></status>
<normalEstimate>
<position>
<pt d="3">-1.320647 0.769806 237.15</pt>
<covMatrix nRows="2" nCols="2" type="UPPER_TRIANGULAR">
24723464.000000 4832193.500000 7028509.500000 
</covMatrix>
</position>
<velocity vType="VECTOR">
<pt d="3">-25.422558 50.374439 0.00</pt>
<covMatrix nRows="2" nCols="2" type="UPPER_TRIANGULAR">
37963.960938 5356.923828 18347.501953 
</covMatrix>
</velocity>
</normalEstimate>
<time name="UPDATE" format="dd MMM yyyy HH:mm:ss" zone="0">26 MAY 2000 12:03:10.400</time>
</track>
<track trackId="30220" quality="1" transit="UNCONSTRAINED" type="FLIER" classification="WHEELED">
<status> <confirmed/> <extrapolated/></status>
<normalEstimate>
<position>
<pt d="3">-1.320632 0.769290 176.52</pt>
<covMatrix nRows="2" nCols="2" type="UPPER_TRIANGULAR">
24738420.000000 4805036.000000 7013750.000000 
</covMatrix>
</position>
<velocity vType="VECTOR">
<pt d="3">-32.943264 -62.189602 0.00</pt>
<covMatrix nRows="2" nCols="2" type="UPPER_TRIANGULAR">
37980.570312 5326.817383 18331.169922 
</covMatrix>
</velocity>
</normalEstimate>
<time name="UPDATE" format="dd MMM yyyy HH:mm:ss" zone="0">26 MAY 2000 12:03:10.400</time>
</track>
<track trackId="KQ071" quality="1" transit="UNCONSTRAINED" type="FLIER" classification="WHEELED">
<status> <confirmed/> <extrapolated/></status>
<normalEstimate>
<position>
<pt d="3">-1.320905 0.768354 194.83</pt>
<covMatrix nRows="2" nCols="2" type="UPPER_TRIANGULAR">
2082297.875000 487722.968750 253126.984375 
</covMatrix>
</position>
<velocity vType="VECTOR">
<pt d="3">31.197676 -35.659584 0.00</pt>
<covMatrix nRows="2" nCols="2" type="UPPER_TRIANGULAR">
25589.660156 5255.421387 5879.570312 
</covMatrix>
</velocity>
</normalEstimate>
<time name="UPDATE" format="dd MMM yyyy HH:mm:ss" zone="0">26 MAY 2000 12:03:30.799</time>
</track>
<track trackId="EM044" quality="1" transit="UNCONSTRAINED" type="FLIER" classification="WHEELED">
<status> <confirmed/> <extrapolated/></status>
<normalEstimate>
<position>
<pt d="3">-1.320712 0.769323 178.84</pt>
<covMatrix nRows="2" nCols="2" type="UPPER_TRIANGULAR">
24309644.000000 4846423.000000 6936460.000000 
</covMatrix>
</position>
<velocity vType="VECTOR">
<pt d="3">-15.163984 -44.020889 0.00</pt>
<covMatrix nRows="2" nCols="2" type="UPPER_TRIANGULAR">
37805.687500 5444.975098 18286.847656 
</covMatrix>
</velocity>
</normalEstimate>
<time name="UPDATE" format="dd MMM yyyy HH:mm:ss" zone="0">26 MAY 2000 12:03:10.600</time>
</track>
<track trackId="KJ364" quality="1" transit="UNCONSTRAINED" type="FLIER" classification="WHEELED">
<status> <confirmed/> <extrapolated/></status>
<normalEstimate>
<position>
<pt d="3">-1.320526 0.769310 167.05</pt>
<covMatrix nRows="2" nCols="2" type="UPPER_TRIANGULAR">
10091763.000000 2012070.375000 2074481.500000 
</covMatrix>
</position>
<velocity vType="VECTOR">
<pt d="3">-23.243601 -83.272980 0.00</pt>
<covMatrix nRows="2" nCols="2" type="UPPER_TRIANGULAR">
32418.083984 5013.146484 12442.734375 
</covMatrix>
</velocity>
</normalEstimate>
<time name="UPDATE" format="dd MMM yyyy HH:mm:ss" zone="0">26 MAY 2000 12:03:20.399</time>
</track>
<track trackId="ZX332" quality="1" transit="UNCONSTRAINED" type="FLIER" classification="WHEELED">
<status> <confirmed/> <extrapolated/></status>
<normalEstimate>
<position>
<pt d="3">-1.320144 0.769937 175.93</pt>
<covMatrix nRows="2" nCols="2" type="UPPER_TRIANGULAR">
10109454.000000 1978134.750000 2057687.375000 
</covMatrix>
</position>
<velocity vType="VECTOR">
<pt d="3">51.015282 52.908157 0.00</pt>
<covMatrix nRows="2" nCols="2" type="UPPER_TRIANGULAR">
32462.488281 4928.594238 12401.219727 
</covMatrix>
</velocity>
</normalEstimate>
<time name="UPDATE" format="dd MMM yyyy HH:mm:ss" zone="0">26 MAY 2000 12:03:20.399</time>
</track>
<track trackId="E4434" quality="1" transit="UNCONSTRAINED" type="FLIER" classification="WHEELED">
<status> <confirmed/> <extrapolated/></status>
<normalEstimate>
<position>
<pt d="3">-1.320534 0.769630 189.94</pt>
<covMatrix nRows="2" nCols="2" type="UPPER_TRIANGULAR">
24801468.000000 4691403.500000 6953343.000000 
</covMatrix>
</position>
<velocity vType="VECTOR">
<pt d="3">-37.570732 -38.964760 0.00</pt>
<covMatrix nRows="2" nCols="2" type="UPPER_TRIANGULAR">
38050.867188 5200.845703 18264.603516 
</covMatrix>
</velocity>
</normalEstimate>
<time name="UPDATE" format="dd MMM yyyy HH:mm:ss" zone="0">26 MAY 2000 12:03:10.400</time>
</track>
</trackCollection>
</tracks>
