<tracks version="KAT 1.0">
<trackCollection>
<timeInterval>
 <time name="START" format="dd MMM yyyy HH:mm:ss" zone="0">26 MAY 2000 12:03:00.799</time>
<time name="END" format="dd MMM yyyy HH:mm:ss" zone="0">26 MAY 2000 12:03:00.799</time>
</timeInterval>
<time name="AVERAGE" format="dd MMM yyyy HH:mm:ss" zone="0">26 MAY 2000 12:03:00.799</time>
<rbr halfHgt="8319.43" halfWid="8742.07" sinAng="1.000000" cosAng="0.000000">
<pt d="3">-1.319953 0.769265 0.00</pt>
</rbr>
<tracker id="KAT"></tracker>
<projection type="GEODETIC"></projection>
<track trackId="0A545" quality="1" transit="CONSTRAINED" classification="WHEELED">
<status> <confirmed/></status>
<normalEstimate>
<position>
<pt d="3">-1.320256 0.768938 200.91</pt>
<covMatrix nRows="2" nCols="2" type="UPPER_TRIANGULAR">
56.494221 -43.977535 55.164253 
</covMatrix>
</position>
<velocity vType="VECTOR">
<pt d="3">-18.799540 -19.085957 0.00</pt>
<covMatrix nRows="2" nCols="2" type="UPPER_TRIANGULAR">
5.500951 4.571435 5.639201 
</covMatrix>
</velocity>
</normalEstimate>
<truth id="unknown" application="unknown">
 <acceleration>
<pt d="3">0.000000 0.000000 0.00</pt>
</acceleration>
<position>
<pt d="3">-1.320257 0.768938 200.93</pt>
</position>
<velocity vType="VECTOR">
<pt d="3">-15.530000 -15.770000 0.95</pt>
</velocity>
</truth>
<time name="UPDATE" format="dd MMM yyyy HH:mm:ss" zone="0">26 MAY 2000 12:03:00.399</time>
</track>
<track trackId="0G252" quality="1" transit="CONSTRAINED" classification="WHEELED">
<status> <confirmed/></status>
<normalEstimate>
<position>
<pt d="3">-1.319400 0.769601 212.92</pt>
<covMatrix nRows="2" nCols="2" type="UPPER_TRIANGULAR">
102.145424 -4.455124 108.392273 
</covMatrix>
</position>
<velocity vType="VECTOR">
<pt d="3">-14.699298 28.257404 0.00</pt>
<covMatrix nRows="2" nCols="2" type="UPPER_TRIANGULAR">
0.794697 0.391359 0.245944 
</covMatrix>
</velocity>
</normalEstimate>
<truth id="unknown" application="unknown">
 <acceleration>
<pt d="3">0.000000 0.000000 0.00</pt>
</acceleration>
<position>
<pt d="3">-1.319399 0.769599 212.54</pt>
</position>
<velocity vType="VECTOR">
<pt d="3">-14.730000 28.309999 -1.31</pt>
</velocity>
</truth>
<time name="UPDATE" format="dd MMM yyyy HH:mm:ss" zone="0">26 MAY 2000 12:03:00.199</time>
</track>
<track trackId="43476" quality="1" transit="CONSTRAINED" classification="WHEELED">
<status> <confirmed/></status>
<normalEstimate>
<position>
<pt d="3">-1.319726 0.769356 208.94</pt>
<covMatrix nRows="2" nCols="2" type="UPPER_TRIANGULAR">
121.909424 -65.026077 291.636719 
</covMatrix>
</position>
<velocity vType="VECTOR">
<pt d="3">6.639972 -19.582708 0.00</pt>
<covMatrix nRows="2" nCols="2" type="UPPER_TRIANGULAR">
31.818611 -90.894829 269.067047 
</covMatrix>
</velocity>
</normalEstimate>
<truth id="unknown" application="unknown">
 <acceleration>
<pt d="3">0.000000 0.000000 0.00</pt>
</acceleration>
<position>
<pt d="3">-1.319726 0.769357 209.00</pt>
</position>
<velocity vType="VECTOR">
<pt d="3">6.390000 -18.850000 0.73</pt>
</velocity>
</truth>
<time name="UPDATE" format="dd MMM yyyy HH:mm:ss" zone="0">26 MAY 2000 12:03:00.199</time>
</track>
<track trackId="BV371" quality="1" transit="CONSTRAINED" classification="WHEELED">
<status> <confirmed/></status>
<normalEstimate>
<position>
<pt d="3">-1.319123 0.768763 239.82</pt>
<covMatrix nRows="2" nCols="2" type="UPPER_TRIANGULAR">
64.120010 35.106125 65.544838 
</covMatrix>
</position>
<velocity vType="VECTOR">
<pt d="3">12.786350 -12.529508 0.00</pt>
<covMatrix nRows="2" nCols="2" type="UPPER_TRIANGULAR">
3.822253 -2.766093 3.709988 
</covMatrix>
</velocity>
</normalEstimate>
<truth id="unknown" application="unknown">
 <acceleration>
<pt d="3">0.000000 0.000000 0.00</pt>
</acceleration>
<position>
<pt d="3">-1.319123 0.768763 239.87</pt>
</position>
<velocity vType="VECTOR">
<pt d="3">12.570000 -12.320000 0.37</pt>
</velocity>
</truth>
<time name="UPDATE" format="dd MMM yyyy HH:mm:ss" zone="0">26 MAY 2000 12:03:00.199</time>
</track>
<track trackId="JX136" quality="1" transit="CONSTRAINED" classification="WHEELED">
<status> <confirmed/></status>
<normalEstimate>
<position>
<pt d="3">-1.320187 0.768569 215.34</pt>
<covMatrix nRows="2" nCols="2" type="UPPER_TRIANGULAR">
51.126926 -44.210800 59.998562 
</covMatrix>
</position>
<velocity vType="VECTOR">
<pt d="3">9.929927 8.983480 0.00</pt>
<covMatrix nRows="2" nCols="2" type="UPPER_TRIANGULAR">
9.067515 7.298620 7.602925 
</covMatrix>
</velocity>
</normalEstimate>
<truth id="unknown" application="unknown">
 <acceleration>
<pt d="3">0.000000 0.000000 0.00</pt>
</acceleration>
<position>
<pt d="3">-1.320187 0.768569 215.33</pt>
</position>
<velocity vType="VECTOR">
<pt d="3">9.810000 8.870000 0.07</pt>
</velocity>
</truth>
<time name="UPDATE" format="dd MMM yyyy HH:mm:ss" zone="0">26 MAY 2000 12:03:00.599</time>
</track>
<track trackId="KJ364" quality="1" transit="CONSTRAINED" classification="WHEELED">
<status> <confirmed/></status>
<normalEstimate>
<position>
<pt d="3">-1.320359 0.769458 198.54</pt>
<covMatrix nRows="2" nCols="2" type="UPPER_TRIANGULAR">
44.612965 36.825191 75.013741 
</covMatrix>
</position>
<velocity vType="VECTOR">
<pt d="3">-26.698462 17.863132 0.00</pt>
<covMatrix nRows="2" nCols="2" type="UPPER_TRIANGULAR">
0.356089 0.428496 0.709830 
</covMatrix>
</velocity>
</normalEstimate>
<truth id="unknown" application="unknown">
 <acceleration>
<pt d="3">0.000000 0.000000 0.00</pt>
</acceleration>
<position>
<pt d="3">-1.320360 0.769458 198.75</pt>
</position>
<velocity vType="VECTOR">
<pt d="3">-26.400000 17.660000 -1.86</pt>
</velocity>
</truth>
<time name="UPDATE" format="dd MMM yyyy HH:mm:ss" zone="0">26 MAY 2000 12:03:00.399</time>
</track>
<track trackId="LR727" quality="1" transit="CONSTRAINED" classification="WHEELED">
<status> <confirmed/> <dropped/> <extrapolated/></status>
<normalEstimate>
<position>
<pt d="3">-1.320012 0.769241 209.28</pt>
<covMatrix nRows="2" nCols="2" type="UPPER_TRIANGULAR">
35761.343750 -54987.773438 84887.789062 
</covMatrix>
</position>
<velocity vType="VECTOR">
<pt d="3">-21.975498 33.884907 0.00</pt>
<covMatrix nRows="2" nCols="2" type="UPPER_TRIANGULAR">
25.327875 -37.513309 58.842522 
</covMatrix>
</velocity>
</normalEstimate>
<time name="UPDATE" format="dd MMM yyyy HH:mm:ss" zone="0">26 MAY 2000 12:02:00.399</time>
</track>
<track trackId="NS067" quality="1" transit="CONSTRAINED" classification="WHEELED">
<status> <confirmed/></status>
<normalEstimate>
<position>
<pt d="3">-1.320613 0.769549 190.09</pt>
<covMatrix nRows="2" nCols="2" type="UPPER_TRIANGULAR">
92.164345 -22.571220 34.415478 
</covMatrix>
</position>
<velocity vType="VECTOR">
<pt d="3">-10.423509 -30.259340 0.00</pt>
<covMatrix nRows="2" nCols="2" type="UPPER_TRIANGULAR">
33.158234 93.356781 272.013214 
</covMatrix>
</velocity>
</normalEstimate>
<truth id="unknown" application="unknown">
 <acceleration>
<pt d="3">0.000000 0.000000 0.00</pt>
</acceleration>
<position>
<pt d="3">-1.320612 0.769551 190.18</pt>
</position>
<velocity vType="VECTOR">
<pt d="3">-4.050000 -11.770000 0.29</pt>
</velocity>
</truth>
<time name="UPDATE" format="dd MMM yyyy HH:mm:ss" zone="0">26 MAY 2000 12:03:00.599</time>
</track>
<track trackId="PD315" quality="1" transit="CONSTRAINED" classification="WHEELED">
<status> <confirmed/></status>
<normalEstimate>
<position>
<pt d="3">-1.320409 0.769599 184.92</pt>
<covMatrix nRows="2" nCols="2" type="UPPER_TRIANGULAR">
9.775699 2.326979 99.908829 
</covMatrix>
</position>
<velocity vType="VECTOR">
<pt d="3">-43.203209 1.114641 0.00</pt>
<covMatrix nRows="2" nCols="2" type="UPPER_TRIANGULAR">
550.532349 -14.177916 1.365478 
</covMatrix>
</velocity>
</normalEstimate>
<truth id="unknown" application="unknown">
 <acceleration>
<pt d="3">0.000000 0.000000 0.00</pt>
</acceleration>
<position>
<pt d="3">-1.320409 0.769599 184.93</pt>
</position>
<velocity vType="VECTOR">
<pt d="3">-10.650000 0.270000 -0.17</pt>
</velocity>
</truth>
<time name="UPDATE" format="dd MMM yyyy HH:mm:ss" zone="0">26 MAY 2000 12:03:00.399</time>
</track>
<track trackId="PP640" quality="1" transit="CONSTRAINED" classification="WHEELED">
<status> <confirmed/> <dropped/> <extrapolated/></status>
<normalEstimate>
<position>
<pt d="3">-1.320043 0.769275 210.20</pt>
<covMatrix nRows="2" nCols="2" type="UPPER_TRIANGULAR">
426355.375000 -657260.375000 1013556.125000 
</covMatrix>
</position>
<velocity vType="VECTOR">
<pt d="3">-17.233271 26.572674 0.00</pt>
<covMatrix nRows="2" nCols="2" type="UPPER_TRIANGULAR">
355.780029 -547.050781 844.518860 
</covMatrix>
</velocity>
</normalEstimate>
<time name="UPDATE" format="dd MMM yyyy HH:mm:ss" zone="0">26 MAY 2000 12:02:00.399</time>
</track>
<track trackId="YC024" quality="1" transit="CONSTRAINED" classification="WHEELED">
<status> <confirmed/></status>
<normalEstimate>
<position>
<pt d="3">-1.320335 0.769787 182.45</pt>
<covMatrix nRows="2" nCols="2" type="UPPER_TRIANGULAR">
57.576828 -43.991783 54.370285 
</covMatrix>
</position>
<velocity vType="VECTOR">
<pt d="3">-21.016434 -21.796326 0.00</pt>
<covMatrix nRows="2" nCols="2" type="UPPER_TRIANGULAR">
0.589002 -0.426193 0.557937 
</covMatrix>
</velocity>
</normalEstimate>
<truth id="unknown" application="unknown">
 <acceleration>
<pt d="3">0.000000 0.000000 0.00</pt>
</acceleration>
<position>
<pt d="3">-1.320336 0.769786 182.48</pt>
</position>
<velocity vType="VECTOR">
<pt d="3">-20.129999 -20.879999 -0.12</pt>
</velocity>
</truth>
<time name="UPDATE" format="dd MMM yyyy HH:mm:ss" zone="0">26 MAY 2000 12:03:00.399</time>
</track>
<track trackId="1T013" quality="1" transit="CONSTRAINED" classification="WHEELED">
<status> <confirmed/> <extrapolated/> <screened/></status>
<normalEstimate>
<position>
<pt d="3">-1.320295 0.768947 200.90</pt>
<covMatrix nRows="2" nCols="2" type="UPPER_TRIANGULAR">
4455.630859 2714.814697 1697.468872 
</covMatrix>
</position>
<velocity vType="VECTOR">
<pt d="3">-19.663460 -12.066356 0.00</pt>
<covMatrix nRows="2" nCols="2" type="UPPER_TRIANGULAR">
14.994578 9.007783 5.842970 
</covMatrix>
</velocity>
</normalEstimate>
<time name="UPDATE" format="dd MMM yyyy HH:mm:ss" zone="0">26 MAY 2000 12:02:40.400</time>
</track>
<track trackId="JG664" quality="1" transit="CONSTRAINED" classification="WHEELED">
<status> <confirmed/> <extrapolated/></status>
<normalEstimate>
<position>
<pt d="3">-1.319015 0.768303 234.74</pt>
<covMatrix nRows="2" nCols="2" type="UPPER_TRIANGULAR">
745246.187500 -455765.250000 278804.500000 
</covMatrix>
</position>
<velocity vType="VECTOR">
<pt d="3">9.514387 -5.819077 0.00</pt>
<covMatrix nRows="2" nCols="2" type="UPPER_TRIANGULAR">
82.334000 -50.021595 31.140635 
</covMatrix>
</velocity>
</normalEstimate>
<time name="UPDATE" format="dd MMM yyyy HH:mm:ss" zone="0">26 MAY 2000 12:00:20.400</time>
</track>
<track trackId="F4652" quality="1" transit="CONSTRAINED" classification="WHEELED">
<status> <confirmed/> <extrapolated/></status>
<normalEstimate>
<position>
<pt d="3">-1.320073 0.768747 194.71</pt>
<covMatrix nRows="2" nCols="2" type="UPPER_TRIANGULAR">
447.819366 -781.340332 1852.224609 
</covMatrix>
</position>
<velocity vType="VECTOR">
<pt d="3">-16.544851 37.113724 0.00</pt>
<covMatrix nRows="2" nCols="2" type="UPPER_TRIANGULAR">
5.823602 -10.831450 25.292385 
</covMatrix>
</velocity>
</normalEstimate>
<time name="UPDATE" format="dd MMM yyyy HH:mm:ss" zone="0">26 MAY 2000 12:02:50.400</time>
</track>
<track trackId="YZ030" quality="1" transit="CONSTRAINED" classification="WHEELED">
<status> <confirmed/> <extrapolated/></status>
<normalEstimate>
<position>
<pt d="3">-1.319132 0.768566 227.26</pt>
<covMatrix nRows="2" nCols="2" type="UPPER_TRIANGULAR">
440.145538 927.020020 2018.538940 
</covMatrix>
</position>
<velocity vType="VECTOR">
<pt d="3">5.360320 11.603089 0.00</pt>
<covMatrix nRows="2" nCols="2" type="UPPER_TRIANGULAR">
1.503104 2.996353 6.604853 
</covMatrix>
</velocity>
</normalEstimate>
<time name="UPDATE" format="dd MMM yyyy HH:mm:ss" zone="0">26 MAY 2000 12:02:40.200</time>
</track>
<track trackId="76363" quality="1" transit="CONSTRAINED" classification="WHEELED">
<status> <confirmed/> <extrapolated/></status>
<normalEstimate>
<position>
<pt d="3">-1.320566 0.768091 214.41</pt>
<covMatrix nRows="2" nCols="2" type="UPPER_TRIANGULAR">
1181.777588 -13427.926758 153887.187500 
</covMatrix>
</position>
<velocity vType="VECTOR">
<pt d="3">0.637709 -7.307816 0.00</pt>
<covMatrix nRows="2" nCols="2" type="UPPER_TRIANGULAR">
0.245839 -1.670777 19.246286 
</covMatrix>
</velocity>
</normalEstimate>
<time name="UPDATE" format="dd MMM yyyy HH:mm:ss" zone="0">26 MAY 2000 12:00:30.799</time>
</track>
<track trackId="3W351" quality="1" transit="CONSTRAINED" classification="WHEELED">
<status> <confirmed/> <extrapolated/></status>
<normalEstimate>
<position>
<pt d="3">-1.320198 0.769915 178.56</pt>
<covMatrix nRows="2" nCols="2" type="UPPER_TRIANGULAR">
35341.652344 29793.658203 25287.830078 
</covMatrix>
</position>
<velocity vType="VECTOR">
<pt d="3">-29.599657 -25.023842 0.00</pt>
<covMatrix nRows="2" nCols="2" type="UPPER_TRIANGULAR">
357.578918 301.455536 255.853241 
</covMatrix>
</velocity>
</normalEstimate>
<time name="UPDATE" format="dd MMM yyyy HH:mm:ss" zone="0">26 MAY 2000 12:02:50.400</time>
</track>
<track trackId="2D352" quality="1" transit="CONSTRAINED" classification="WHEELED">
<status> <confirmed/> <extrapolated/></status>
<normalEstimate>
<position>
<pt d="3">-1.318645 0.769298 216.78</pt>
<covMatrix nRows="2" nCols="2" type="UPPER_TRIANGULAR">
6610.901855 3842.838867 2240.742676 
</covMatrix>
</position>
<velocity vType="VECTOR">
<pt d="3">7.558214 4.396953 0.00</pt>
<covMatrix nRows="2" nCols="2" type="UPPER_TRIANGULAR">
3.781756 2.169821 1.314188 
</covMatrix>
</velocity>
</normalEstimate>
<time name="UPDATE" format="dd MMM yyyy HH:mm:ss" zone="0">26 MAY 2000 12:02:00.199</time>
</track>
<track trackId="5L166" quality="1" transit="CONSTRAINED" classification="WHEELED">
<status> <confirmed/> <extrapolated/></status>
<normalEstimate>
<position>
<pt d="3">-1.319832 0.769512 198.44</pt>
<covMatrix nRows="2" nCols="2" type="UPPER_TRIANGULAR">
870192.062500 371476.625000 158593.406250 
</covMatrix>
</position>
<velocity vType="VECTOR">
<pt d="3">6.269739 2.676526 0.00</pt>
<covMatrix nRows="2" nCols="2" type="UPPER_TRIANGULAR">
214.938705 91.707268 39.264740 
</covMatrix>
</velocity>
</normalEstimate>
<time name="UPDATE" format="dd MMM yyyy HH:mm:ss" zone="0">26 MAY 2000 12:01:10.199</time>
</track>
<track trackId="3D432" quality="1" transit="CONSTRAINED" classification="WHEELED">
<status> <confirmed/> <extrapolated/></status>
<normalEstimate>
<position>
<pt d="3">-1.319471 0.768393 226.20</pt>
<covMatrix nRows="2" nCols="2" type="UPPER_TRIANGULAR">
240.775421 -512.097534 1091.166504 
</covMatrix>
</position>
<velocity vType="VECTOR">
<pt d="3">-0.759883 1.618604 0.00</pt>
<covMatrix nRows="2" nCols="2" type="UPPER_TRIANGULAR">
0.081643 -0.166191 0.357620 
</covMatrix>
</velocity>
</normalEstimate>
<time name="UPDATE" format="dd MMM yyyy HH:mm:ss" zone="0">26 MAY 2000 12:01:30.399</time>
</track>
<track trackId="AQ473" quality="1" transit="CONSTRAINED" classification="WHEELED">
<status> <confirmed/> <extrapolated/></status>
<normalEstimate>
<position>
<pt d="3">-1.319085 0.769204 212.84</pt>
<covMatrix nRows="2" nCols="2" type="UPPER_TRIANGULAR">
1131.650391 -2223.832764 4382.474121 
</covMatrix>
</position>
<velocity vType="VECTOR">
<pt d="3">-1.757355 3.461187 0.00</pt>
<covMatrix nRows="2" nCols="2" type="UPPER_TRIANGULAR">
0.543652 -1.020730 2.035767 
</covMatrix>
</velocity>
</normalEstimate>
<time name="UPDATE" format="dd MMM yyyy HH:mm:ss" zone="0">26 MAY 2000 12:01:40.199</time>
</track>
<track trackId="4Q724" quality="1" transit="CONSTRAINED" classification="WHEELED">
<status> <confirmed/> <extrapolated/></status>
<normalEstimate>
<position>
<pt d="3">-1.318617 0.769324 218.64</pt>
<covMatrix nRows="2" nCols="2" type="UPPER_TRIANGULAR">
802.232544 2292.987061 6586.928223 
</covMatrix>
</position>
<velocity vType="VECTOR">
<pt d="3">2.415973 6.936448 0.00</pt>
<covMatrix nRows="2" nCols="2" type="UPPER_TRIANGULAR">
0.420764 1.105192 3.208917 
</covMatrix>
</velocity>
</normalEstimate>
<time name="UPDATE" format="dd MMM yyyy HH:mm:ss" zone="0">26 MAY 2000 12:01:50.200</time>
</track>
<track trackId="LR040" quality="1" transit="CONSTRAINED" classification="WHEELED">
<status> <confirmed/> <extrapolated/></status>
<normalEstimate>
<position>
<pt d="3">-1.320319 0.769403 200.99</pt>
<covMatrix nRows="2" nCols="2" type="UPPER_TRIANGULAR">
66468.125000 38845.011719 22727.369141 
</covMatrix>
</position>
<velocity vType="VECTOR">
<pt d="3">-12.450735 -7.278505 0.00</pt>
<covMatrix nRows="2" nCols="2" type="UPPER_TRIANGULAR">
32.545647 18.913534 11.248384 
</covMatrix>
</velocity>
</normalEstimate>
<time name="UPDATE" format="dd MMM yyyy HH:mm:ss" zone="0">26 MAY 2000 12:02:10.400</time>
</track>
<track trackId="NJ053" quality="1" transit="CONSTRAINED" classification="WHEELED">
<status> <confirmed/> <extrapolated/> <screened/></status>
<normalEstimate>
<position>
<pt d="3">-1.320300 0.769701 182.77</pt>
<covMatrix nRows="2" nCols="2" type="UPPER_TRIANGULAR">
2639.143311 5467.193848 11377.596680 
</covMatrix>
</position>
<velocity vType="VECTOR">
<pt d="3">3.009201 6.256969 0.00</pt>
<covMatrix nRows="2" nCols="2" type="UPPER_TRIANGULAR">
1.687255 3.305054 6.969866 
</covMatrix>
</velocity>
</normalEstimate>
<time name="UPDATE" format="dd MMM yyyy HH:mm:ss" zone="0">26 MAY 2000 12:01:50.400</time>
</track>
<track trackId="5E461" quality="1" transit="CONSTRAINED" classification="WHEELED">
<status> <confirmed/> <extrapolated/></status>
<normalEstimate>
<position>
<pt d="3">-1.319472 0.768394 225.43</pt>
<covMatrix nRows="2" nCols="2" type="UPPER_TRIANGULAR">
1521.956177 -1904.370117 2384.030762 
</covMatrix>
</position>
<velocity vType="VECTOR">
<pt d="3">-1.359254 1.701291 0.00</pt>
<covMatrix nRows="2" nCols="2" type="UPPER_TRIANGULAR">
0.357706 -0.442062 0.557819 
</covMatrix>
</velocity>
</normalEstimate>
<time name="UPDATE" format="dd MMM yyyy HH:mm:ss" zone="0">26 MAY 2000 12:01:40.400</time>
</track>
<track trackId="K6041" quality="1" transit="CONSTRAINED" classification="WHEELED">
<status> <confirmed/> <extrapolated/></status>
<normalEstimate>
<position>
<pt d="3">-1.320443 0.769726 179.50</pt>
<covMatrix nRows="2" nCols="2" type="UPPER_TRIANGULAR">
4207.415527 -13099.035156 41098.468750 
</covMatrix>
</position>
<velocity vType="VECTOR">
<pt d="3">-6.888259 21.596552 0.00</pt>
<covMatrix nRows="2" nCols="2" type="UPPER_TRIANGULAR">
17.963894 -55.398167 173.982773 
</covMatrix>
</velocity>
</normalEstimate>
<time name="UPDATE" format="dd MMM yyyy HH:mm:ss" zone="0">26 MAY 2000 12:02:40.400</time>
</track>
<track trackId="AJ766" quality="1" transit="CONSTRAINED" classification="WHEELED">
<status> <confirmed/> <extrapolated/></status>
<normalEstimate>
<position>
<pt d="3">-1.320271 0.769416 208.46</pt>
<covMatrix nRows="2" nCols="2" type="UPPER_TRIANGULAR">
154514.781250 -104165.617188 70368.312500 
</covMatrix>
</position>
<velocity vType="VECTOR">
<pt d="3">-22.485603 15.168406 0.00</pt>
<covMatrix nRows="2" nCols="2" type="UPPER_TRIANGULAR">
70.243134 -46.710541 32.509697 
</covMatrix>
</velocity>
</normalEstimate>
<time name="UPDATE" format="dd MMM yyyy HH:mm:ss" zone="0">26 MAY 2000 12:01:40.400</time>
</track>
<track trackId="LK333" quality="1" transit="CONSTRAINED" classification="WHEELED">
<status> <confirmed/> <extrapolated/> <screened/></status>
<normalEstimate>
<position>
<pt d="3">-1.320940 0.769043 206.68</pt>
<covMatrix nRows="2" nCols="2" type="UPPER_TRIANGULAR">
3272.892090 -2761.491943 2335.042480 
</covMatrix>
</position>
<velocity vType="VECTOR">
<pt d="3">-2.506450 2.116713 0.00</pt>
<covMatrix nRows="2" nCols="2" type="UPPER_TRIANGULAR">
1.679859 -1.393784 1.206506 
</covMatrix>
</velocity>
</normalEstimate>
<time name="UPDATE" format="dd MMM yyyy HH:mm:ss" zone="0">26 MAY 2000 12:01:50.600</time>
</track>
<track trackId="HP042" quality="1" transit="CONSTRAINED" classification="WHEELED">
<status> <confirmed/> <extrapolated/> <screened/></status>
<normalEstimate>
<position>
<pt d="3">-1.320469 0.768935 206.08</pt>
<covMatrix nRows="2" nCols="2" type="UPPER_TRIANGULAR">
295.274170 -715.938660 1788.282227 
</covMatrix>
</position>
<velocity vType="VECTOR">
<pt d="3">2.670942 -6.643728 0.00</pt>
<covMatrix nRows="2" nCols="2" type="UPPER_TRIANGULAR">
0.646383 -1.422525 3.612896 
</covMatrix>
</velocity>
</normalEstimate>
<time name="UPDATE" format="dd MMM yyyy HH:mm:ss" zone="0">26 MAY 2000 12:02:30.599</time>
</track>
<track trackId="AT002" quality="1" transit="CONSTRAINED" classification="WHEELED">
<status> <confirmed/> <extrapolated/></status>
<normalEstimate>
<position>
<pt d="3">-1.319026 0.768700 224.85</pt>
<covMatrix nRows="2" nCols="2" type="UPPER_TRIANGULAR">
792255.187500 -239468.046875 72409.328125 
</covMatrix>
</position>
<velocity vType="VECTOR">
<pt d="3">10.346290 -3.127382 0.00</pt>
<covMatrix nRows="2" nCols="2" type="UPPER_TRIANGULAR">
369.328033 -111.561172 33.972897 
</covMatrix>
</velocity>
</normalEstimate>
<time name="UPDATE" format="dd MMM yyyy HH:mm:ss" zone="0">26 MAY 2000 12:01:40.199</time>
</track>
<track trackId="5W511" quality="1" transit="CONSTRAINED" classification="WHEELED">
<status> <confirmed/> <extrapolated/></status>
<normalEstimate>
<position>
<pt d="3">-1.320356 0.769770 182.49</pt>
<covMatrix nRows="2" nCols="2" type="UPPER_TRIANGULAR">
403185.656250 418043.656250 433656.687500 
</covMatrix>
</position>
<velocity vType="VECTOR">
<pt d="3">-22.111382 -22.931906 0.00</pt>
<covMatrix nRows="2" nCols="2" type="UPPER_TRIANGULAR">
482.944702 499.829102 519.377014 
</covMatrix>
</velocity>
</normalEstimate>
<time name="UPDATE" format="dd MMM yyyy HH:mm:ss" zone="0">26 MAY 2000 12:02:10.400</time>
</track>
<track trackId="30220" quality="1" transit="CONSTRAINED" classification="WHEELED">
<status> <confirmed/> <extrapolated/></status>
<normalEstimate>
<position>
<pt d="3">-1.320302 0.769531 188.07</pt>
<covMatrix nRows="2" nCols="2" type="UPPER_TRIANGULAR">
12728.862305 15507.916016 19143.302734 
</covMatrix>
</position>
<velocity vType="VECTOR">
<pt d="3">-25.439627 -31.239187 0.00</pt>
<covMatrix nRows="2" nCols="2" type="UPPER_TRIANGULAR">
180.190277 220.040985 271.204437 
</covMatrix>
</velocity>
</normalEstimate>
<time name="UPDATE" format="dd MMM yyyy HH:mm:ss" zone="0">26 MAY 2000 12:02:50.400</time>
</track>
<track trackId="H7321" quality="1" transit="CONSTRAINED" classification="WHEELED">
<status> <confirmed/> <extrapolated/></status>
<normalEstimate>
<position>
<pt d="3">-1.319725 0.768587 213.24</pt>
<covMatrix nRows="2" nCols="2" type="UPPER_TRIANGULAR">
2398.205322 6214.341797 16274.729492 
</covMatrix>
</position>
<velocity vType="VECTOR">
<pt d="3">-2.409740 -6.302296 0.00</pt>
<covMatrix nRows="2" nCols="2" type="UPPER_TRIANGULAR">
2.312577 5.470315 14.527701 
</covMatrix>
</velocity>
</normalEstimate>
<time name="UPDATE" format="dd MMM yyyy HH:mm:ss" zone="0">26 MAY 2000 12:02:10.400</time>
</track>
<track trackId="G4043" quality="1" transit="CONSTRAINED" classification="WHEELED">
<status> <confirmed/> <extrapolated/></status>
<normalEstimate>
<position>
<pt d="3">-1.319447 0.768537 224.08</pt>
<covMatrix nRows="2" nCols="2" type="UPPER_TRIANGULAR">
1921.261597 -14776.457031 114491.414062 
</covMatrix>
</position>
<velocity vType="VECTOR">
<pt d="3">-1.365343 10.577704 0.00</pt>
<covMatrix nRows="2" nCols="2" type="UPPER_TRIANGULAR">
2.424828 -17.704742 137.303284 
</covMatrix>
</velocity>
</normalEstimate>
<time name="UPDATE" format="dd MMM yyyy HH:mm:ss" zone="0">26 MAY 2000 12:02:10.400</time>
</track>
<track trackId="6L246" quality="1" transit="CONSTRAINED" classification="WHEELED">
<status> <confirmed/> <extrapolated/></status>
<normalEstimate>
<position>
<pt d="3">-1.320465 0.770177 175.08</pt>
<covMatrix nRows="2" nCols="2" type="UPPER_TRIANGULAR">
41122.527344 49055.390625 58529.125000 
</covMatrix>
</position>
<velocity vType="VECTOR">
<pt d="3">-4.675442 -5.577962 0.00</pt>
<covMatrix nRows="2" nCols="2" type="UPPER_TRIANGULAR">
25.192194 30.003191 35.838394 
</covMatrix>
</velocity>
</normalEstimate>
<time name="UPDATE" format="dd MMM yyyy HH:mm:ss" zone="0">26 MAY 2000 12:01:50.400</time>
</track>
<track trackId="KQ071" quality="1" transit="CONSTRAINED" classification="WHEELED">
<status> <confirmed/> <extrapolated/> <screened/></status>
<normalEstimate>
<position>
<pt d="3">-1.320924 0.768532 200.74</pt>
<covMatrix nRows="2" nCols="2" type="UPPER_TRIANGULAR">
4462.270508 1278.704224 377.161499 
</covMatrix>
</position>
<velocity vType="VECTOR">
<pt d="3">-10.007998 -2.874273 0.00</pt>
<covMatrix nRows="2" nCols="2" type="UPPER_TRIANGULAR">
5.860944 1.654757 0.574450 
</covMatrix>
</velocity>
</normalEstimate>
<time name="UPDATE" format="dd MMM yyyy HH:mm:ss" zone="0">26 MAY 2000 12:02:20.600</time>
</track>
<track trackId="PA117" quality="1" transit="CONSTRAINED" classification="WHEELED">
<status> <confirmed/> <extrapolated/></status>
<normalEstimate>
<position>
<pt d="3">-1.319392 0.769591 213.26</pt>
<covMatrix nRows="2" nCols="2" type="UPPER_TRIANGULAR">
828.397095 -1490.193726 2743.340820 
</covMatrix>
</position>
<velocity vType="VECTOR">
<pt d="3">-4.502331 8.244391 0.00</pt>
<covMatrix nRows="2" nCols="2" type="UPPER_TRIANGULAR">
1.834995 -3.092968 5.809552 
</covMatrix>
</velocity>
</normalEstimate>
<time name="UPDATE" format="dd MMM yyyy HH:mm:ss" zone="0">26 MAY 2000 12:02:30.199</time>
</track>
<track trackId="1H221" quality="1" transit="CONSTRAINED" classification="WHEELED">
<status> <confirmed/> <extrapolated/></status>
<normalEstimate>
<position>
<pt d="3">-1.319715 0.769407 205.04</pt>
<covMatrix nRows="2" nCols="2" type="UPPER_TRIANGULAR">
85756.132812 -43764.867188 22340.910156 
</covMatrix>
</position>
<velocity vType="VECTOR">
<pt d="3">3.868402 -1.974312 0.00</pt>
<covMatrix nRows="2" nCols="2" type="UPPER_TRIANGULAR">
52.195965 -26.615288 13.630458 
</covMatrix>
</velocity>
</normalEstimate>
<time name="UPDATE" format="dd MMM yyyy HH:mm:ss" zone="0">26 MAY 2000 12:01:50.200</time>
</track>
<track trackId="64525" quality="1" transit="CONSTRAINED" classification="WHEELED">
<status> <confirmed/> <extrapolated/></status>
<normalEstimate>
<position>
<pt d="3">-1.319017 0.768699 224.85</pt>
<covMatrix nRows="2" nCols="2" type="UPPER_TRIANGULAR">
386493.875000 -128286.968750 42602.277344 
</covMatrix>
</position>
<velocity vType="VECTOR">
<pt d="3">9.521904 -3.160710 0.00</pt>
<covMatrix nRows="2" nCols="2" type="UPPER_TRIANGULAR">
235.110428 -77.981094 26.070934 
</covMatrix>
</velocity>
</normalEstimate>
<time name="UPDATE" format="dd MMM yyyy HH:mm:ss" zone="0">26 MAY 2000 12:01:50.200</time>
</track>
<track trackId="R1132" quality="1" transit="CONSTRAINED" classification="WHEELED">
<status> <confirmed/> <extrapolated/></status>
<normalEstimate>
<position>
<pt d="3">-1.319283 0.769602 208.59</pt>
<covMatrix nRows="2" nCols="2" type="UPPER_TRIANGULAR">
70.736664 454.184692 3068.414551 
</covMatrix>
</position>
<velocity vType="VECTOR">
<pt d="3">-0.735826 -4.965584 0.00</pt>
<covMatrix nRows="2" nCols="2" type="UPPER_TRIANGULAR">
0.089144 0.369889 2.530458 
</covMatrix>
</velocity>
</normalEstimate>
<time name="UPDATE" format="dd MMM yyyy HH:mm:ss" zone="0">26 MAY 2000 12:02:00.199</time>
</track>
<track trackId="HH335" quality="1" transit="CONSTRAINED" classification="WHEELED">
<status> <confirmed/> <extrapolated/></status>
<normalEstimate>
<position>
<pt d="3">-1.318669 0.769025 216.73</pt>
<covMatrix nRows="2" nCols="2" type="UPPER_TRIANGULAR">
6.847746 97.847717 1826.328613 
</covMatrix>
</position>
<velocity vType="VECTOR">
<pt d="3">0.176584 3.293062 0.00</pt>
<covMatrix nRows="2" nCols="2" type="UPPER_TRIANGULAR">
0.019712 0.069072 1.304111 
</covMatrix>
</velocity>
</normalEstimate>
<time name="UPDATE" format="dd MMM yyyy HH:mm:ss" zone="0">26 MAY 2000 12:02:00.199</time>
</track>
<track trackId="EM044" quality="1" transit="CONSTRAINED" classification="WHEELED">
<status> <confirmed/> <extrapolated/></status>
<normalEstimate>
<position>
<pt d="3">-1.320536 0.769710 180.77</pt>
<covMatrix nRows="2" nCols="2" type="UPPER_TRIANGULAR">
4724.059082 -3073.587158 2001.890747 
</covMatrix>
</position>
<velocity vType="VECTOR">
<pt d="3">-4.232229 2.754467 0.00</pt>
<covMatrix nRows="2" nCols="2" type="UPPER_TRIANGULAR">
8.590702 -5.581310 3.647531 
</covMatrix>
</velocity>
</normalEstimate>
<time name="UPDATE" format="dd MMM yyyy HH:mm:ss" zone="0">26 MAY 2000 12:02:20.400</time>
</track>
<track trackId="GE057" quality="1" transit="CONSTRAINED" classification="WHEELED">
<status> <confirmed/> <extrapolated/> <screened/></status>
<normalEstimate>
<position>
<pt d="3">-1.320610 0.768780 213.80</pt>
<covMatrix nRows="2" nCols="2" type="UPPER_TRIANGULAR">
6634.134277 2829.396729 1219.064575 
</covMatrix>
</position>
<velocity vType="VECTOR">
<pt d="3">6.477962 2.767149 0.00</pt>
<covMatrix nRows="2" nCols="2" type="UPPER_TRIANGULAR">
6.354962 2.669972 1.245010 
</covMatrix>
</velocity>
</normalEstimate>
<time name="UPDATE" format="dd MMM yyyy HH:mm:ss" zone="0">26 MAY 2000 12:02:10.600</time>
</track>
<track trackId="JP122" quality="1" transit="CONSTRAINED" classification="WHEELED">
<status> <confirmed/> <extrapolated/></status>
<normalEstimate>
<position>
<pt d="3">-1.320677 0.769025 200.46</pt>
<covMatrix nRows="2" nCols="2" type="UPPER_TRIANGULAR">
1164.223633 -77.770462 63.702332 
</covMatrix>
</position>
<velocity vType="VECTOR">
<pt d="3">-28.721884 2.019651 0.00</pt>
<covMatrix nRows="2" nCols="2" type="UPPER_TRIANGULAR">
16.217609 -1.099434 0.659647 
</covMatrix>
</velocity>
</normalEstimate>
<time name="UPDATE" format="dd MMM yyyy HH:mm:ss" zone="0">26 MAY 2000 12:02:50.599</time>
</track>
<track trackId="DL075" quality="1" transit="CONSTRAINED" classification="WHEELED">
<status> <confirmed/> <extrapolated/></status>
<normalEstimate>
<position>
<pt d="3">-1.320429 0.769584 186.34</pt>
<covMatrix nRows="2" nCols="2" type="UPPER_TRIANGULAR">
8359.937500 15593.016602 29536.154297 
</covMatrix>
</position>
<velocity vType="VECTOR">
<pt d="3">-6.545785 -12.357004 0.00</pt>
<covMatrix nRows="2" nCols="2" type="UPPER_TRIANGULAR">
13.096497 22.836214 44.109390 
</covMatrix>
</velocity>
</normalEstimate>
<time name="UPDATE" format="dd MMM yyyy HH:mm:ss" zone="0">26 MAY 2000 12:02:20.400</time>
</track>
<track trackId="NW705" quality="1" transit="CONSTRAINED" classification="WHEELED">
<status> <confirmed/> <extrapolated/></status>
<normalEstimate>
<position>
<pt d="3">-1.320440 0.769719 180.12</pt>
<covMatrix nRows="2" nCols="2" type="UPPER_TRIANGULAR">
67.269936 -118.560677 401.174530 
</covMatrix>
</position>
<velocity vType="VECTOR">
<pt d="3">-5.285894 16.572706 0.00</pt>
<covMatrix nRows="2" nCols="2" type="UPPER_TRIANGULAR">
0.892607 -1.875077 6.173421 
</covMatrix>
</velocity>
</normalEstimate>
<time name="UPDATE" format="dd MMM yyyy HH:mm:ss" zone="0">26 MAY 2000 12:02:50.400</time>
</track>
<track trackId="RD455" quality="1" transit="CONSTRAINED" classification="WHEELED">
<status> <confirmed/> <extrapolated/></status>
<normalEstimate>
<position>
<pt d="3">-1.318933 0.768727 231.31</pt>
<covMatrix nRows="2" nCols="2" type="UPPER_TRIANGULAR">
1435.796631 1669.560059 2186.596924 
</covMatrix>
</position>
<velocity vType="VECTOR">
<pt d="3">12.122444 15.150834 0.00</pt>
<covMatrix nRows="2" nCols="2" type="UPPER_TRIANGULAR">
10.534306 11.916726 15.893251 
</covMatrix>
</velocity>
</normalEstimate>
<time name="UPDATE" format="dd MMM yyyy HH:mm:ss" zone="0">26 MAY 2000 12:02:40.200</time>
</track>
<track trackId="AA063" quality="1" transit="CONSTRAINED" classification="WHEELED">
<status> <confirmed/> <extrapolated/></status>
<normalEstimate>
<position>
<pt d="3">-1.319982 0.769668 189.94</pt>
<covMatrix nRows="2" nCols="2" type="UPPER_TRIANGULAR">
3353.343750 3012.357178 2889.207764 
</covMatrix>
</position>
<velocity vType="VECTOR">
<pt d="3">-18.247883 -16.896160 0.00</pt>
<covMatrix nRows="2" nCols="2" type="UPPER_TRIANGULAR">
17.542681 15.317340 15.182624 
</covMatrix>
</velocity>
</normalEstimate>
<time name="UPDATE" format="dd MMM yyyy HH:mm:ss" zone="0">26 MAY 2000 12:02:40.200</time>
</track>
<track trackId="NH164" quality="1" transit="CONSTRAINED" classification="WHEELED">
<status> <confirmed/> <extrapolated/></status>
<normalEstimate>
<position>
<pt d="3">-1.319723 0.769352 209.31</pt>
<covMatrix nRows="2" nCols="2" type="UPPER_TRIANGULAR">
698.593018 -1765.790283 5307.556641 
</covMatrix>
</position>
<velocity vType="VECTOR">
<pt d="3">7.085187 -20.895742 0.00</pt>
<covMatrix nRows="2" nCols="2" type="UPPER_TRIANGULAR">
7.479368 -19.113157 57.367424 
</covMatrix>
</velocity>
</normalEstimate>
<time name="UPDATE" format="dd MMM yyyy HH:mm:ss" zone="0">26 MAY 2000 12:02:50.200</time>
</track>
<track trackId="UX503" quality="1" transit="CONSTRAINED" classification="WHEELED">
<status> <confirmed/> <extrapolated/></status>
<normalEstimate>
<position>
<pt d="3">-1.319770 0.768722 213.48</pt>
<covMatrix nRows="2" nCols="2" type="UPPER_TRIANGULAR">
127.399895 -459.803864 7734.509766 
</covMatrix>
</position>
<velocity vType="VECTOR">
<pt d="3">2.105470 -34.960220 0.00</pt>
<covMatrix nRows="2" nCols="2" type="UPPER_TRIANGULAR">
1.114759 -1.953944 33.441292 
</covMatrix>
</velocity>
</normalEstimate>
<time name="UPDATE" format="dd MMM yyyy HH:mm:ss" zone="0">26 MAY 2000 12:02:40.400</time>
</track>
<track trackId="DE370" quality="1" transit="CONSTRAINED" classification="WHEELED">
<status> <confirmed/> <extrapolated/></status>
<normalEstimate>
<position>
<pt d="3">-1.318813 0.768477 239.37</pt>
<covMatrix nRows="2" nCols="2" type="UPPER_TRIANGULAR">
1134.902832 78.817993 105.975777 
</covMatrix>
</position>
<velocity vType="VECTOR">
<pt d="3">23.987709 1.826852 0.00</pt>
<covMatrix nRows="2" nCols="2" type="UPPER_TRIANGULAR">
19.127165 1.380546 1.104871 
</covMatrix>
</velocity>
</normalEstimate>
<time name="UPDATE" format="dd MMM yyyy HH:mm:ss" zone="0">26 MAY 2000 12:02:50.200</time>
</track>
<track trackId="EC141" quality="1" transit="CONSTRAINED" classification="WHEELED">
<status> <confirmed/> <extrapolated/></status>
<normalEstimate>
<position>
<pt d="3">-1.320477 0.768760 212.86</pt>
<covMatrix nRows="2" nCols="2" type="UPPER_TRIANGULAR">
764.307373 -112.798607 119.052902 
</covMatrix>
</position>
<velocity vType="VECTOR">
<pt d="3">21.848682 -3.709337 0.00</pt>
<covMatrix nRows="2" nCols="2" type="UPPER_TRIANGULAR">
15.461826 -2.455406 1.415890 
</covMatrix>
</velocity>
</normalEstimate>
<time name="UPDATE" format="dd MMM yyyy HH:mm:ss" zone="0">26 MAY 2000 12:02:50.599</time>
</track>
<track trackId="7E621" quality="1" transit="UNCONSTRAINED" type="FLIER" classification="WHEELED">
<status> <confirmed/></status>
<normalEstimate>
<position>
<pt d="3">-1.319452 0.768560 228.22</pt>
<covMatrix nRows="2" nCols="2" type="UPPER_TRIANGULAR">
32.598946 -93.454208 378.054230 
</covMatrix>
</position>
<velocity vType="VECTOR">
<pt d="3">-6.752353 46.217407 0.00</pt>
<covMatrix nRows="2" nCols="2" type="UPPER_TRIANGULAR">
20998.634766 5316.500000 1346.090454 
</covMatrix>
</velocity>
</normalEstimate>
<truth id="unknown" application="unknown">
 <acceleration>
<pt d="3">0.000000 0.000000 0.00</pt>
</acceleration>
<position>
<pt d="3">-1.319452 0.768560 228.28</pt>
</position>
<velocity vType="VECTOR">
<pt d="3">-4.130000 28.290001 0.49</pt>
</velocity>
</truth>
<time name="UPDATE" format="dd MMM yyyy HH:mm:ss" zone="0">26 MAY 2000 12:03:00.199</time>
</track>
<track trackId="EX367" quality="1" transit="UNCONSTRAINED" type="FLIER" classification="WHEELED">
<status> <confirmed/></status>
<normalEstimate>
<position>
<pt d="3">-1.319429 0.769638 209.02</pt>
<covMatrix nRows="2" nCols="2" type="UPPER_TRIANGULAR">
30.237223 -88.963799 380.597717 
</covMatrix>
</position>
<velocity vType="VECTOR">
<pt d="3">-24.444092 46.988598 0.00</pt>
<covMatrix nRows="2" nCols="2" type="UPPER_TRIANGULAR">
21143.107422 5061.046387 1211.509521 
</covMatrix>
</velocity>
</normalEstimate>
<truth id="unknown" application="unknown">
 <acceleration>
<pt d="3">0.000000 0.000000 0.00</pt>
</acceleration>
<position>
<pt d="3">-1.319429 0.769639 209.11</pt>
</position>
<velocity vType="VECTOR">
<pt d="3">-12.460000 23.959999 -1.11</pt>
</velocity>
</truth>
<time name="UPDATE" format="dd MMM yyyy HH:mm:ss" zone="0">26 MAY 2000 12:03:00.199</time>
</track>
<track trackId="LD626" quality="1" transit="UNCONSTRAINED" type="FLIER" classification="WHEELED">
<status> <confirmed/> <dropped/> <extrapolated/></status>
<normalEstimate>
<position>
<pt d="3">-1.319067 0.770305 147.66</pt>
<covMatrix nRows="2" nCols="2" type="UPPER_TRIANGULAR">
47194940.000000 10089968.000000 17195670.000000 
</covMatrix>
</position>
<velocity vType="VECTOR">
<pt d="3">58.121155 24.634474 0.00</pt>
<covMatrix nRows="2" nCols="2" type="UPPER_TRIANGULAR">
42828.070312 6240.966309 24272.568359 
</covMatrix>
</velocity>
</normalEstimate>
<time name="UPDATE" format="dd MMM yyyy HH:mm:ss" zone="0">26 MAY 2000 12:02:20.200</time>
</track>
<track trackId="W1650" quality="1" transit="UNCONSTRAINED" type="FLIER" classification="WHEELED">
<status> <confirmed/></status>
<normalEstimate>
<position>
<pt d="3">-1.320174 0.769931 179.32</pt>
<covMatrix nRows="2" nCols="2" type="UPPER_TRIANGULAR">
33.582024 -95.266296 377.278503 
</covMatrix>
</position>
<velocity vType="VECTOR">
<pt d="3">-34.486191 -29.155596 0.00</pt>
<covMatrix nRows="2" nCols="2" type="UPPER_TRIANGULAR">
20954.248047 5419.587891 1401.759644 
</covMatrix>
</velocity>
</normalEstimate>
<truth id="unknown" application="unknown">
 <acceleration>
<pt d="3">0.000000 0.000000 0.00</pt>
</acceleration>
<position>
<pt d="3">-1.320174 0.769930 179.34</pt>
</position>
<velocity vType="VECTOR">
<pt d="3">-18.299999 -15.470000 -0.31</pt>
</velocity>
</truth>
<time name="UPDATE" format="dd MMM yyyy HH:mm:ss" zone="0">26 MAY 2000 12:03:00.399</time>
</track>
<track trackId="AR362" quality="1" transit="UNCONSTRAINED" type="FLIER" classification="WHEELED">
<status> <confirmed/> <extrapolated/></status>
<normalEstimate>
<position>
<pt d="3">-1.320549 0.769514 196.33</pt>
<covMatrix nRows="2" nCols="2" type="UPPER_TRIANGULAR">
2216741.750000 597033.562500 322778.843750 
</covMatrix>
</position>
<velocity vType="VECTOR">
<pt d="3">-49.539051 -24.577679 0.00</pt>
<covMatrix nRows="2" nCols="2" type="UPPER_TRIANGULAR">
25447.957031 5960.866699 6538.367676 
</covMatrix>
</velocity>
</normalEstimate>
<time name="UPDATE" format="dd MMM yyyy HH:mm:ss" zone="0">26 MAY 2000 12:02:50.400</time>
</track>
<track trackId="G4732" quality="1" transit="UNCONSTRAINED" type="FLIER" classification="WHEELED">
<status> <confirmed/> <extrapolated/></status>
<normalEstimate>
<position>
<pt d="3">-1.318969 0.768550 195.23</pt>
<covMatrix nRows="2" nCols="2" type="UPPER_TRIANGULAR">
24595024.000000 5635561.500000 7598140.000000 
</covMatrix>
</position>
<velocity vType="VECTOR">
<pt d="3">45.285809 2.261172 0.00</pt>
<covMatrix nRows="2" nCols="2" type="UPPER_TRIANGULAR">
37561.015625 6175.584473 18935.416016 
</covMatrix>
</velocity>
</normalEstimate>
<time name="UPDATE" format="dd MMM yyyy HH:mm:ss" zone="0">26 MAY 2000 12:02:30.199</time>
</track>
<track trackId="DA441" quality="1" transit="UNCONSTRAINED" type="FLIER" classification="WHEELED">
<status> <confirmed/> <extrapolated/></status>
<normalEstimate>
<position>
<pt d="3">-1.319709 0.769228 164.25</pt>
<covMatrix nRows="2" nCols="2" type="UPPER_TRIANGULAR">
24087926.000000 5776554.000000 7602824.000000 
</covMatrix>
</position>
<velocity vType="VECTOR">
<pt d="3">50.529808 -1.392911 0.00</pt>
<covMatrix nRows="2" nCols="2" type="UPPER_TRIANGULAR">
37297.546875 6414.746582 18991.173828 
</covMatrix>
</velocity>
</normalEstimate>
<time name="UPDATE" format="dd MMM yyyy HH:mm:ss" zone="0">26 MAY 2000 12:02:30.399</time>
</track>
<track trackId="33416" quality="1" transit="UNCONSTRAINED" type="FLIER" classification="WHEELED">
<status> <confirmed/> <extrapolated/> <screened/></status>
<normalEstimate>
<position>
<pt d="3">-1.319406 0.768490 126.53</pt>
<covMatrix nRows="2" nCols="2" type="UPPER_TRIANGULAR">
23600750.000000 5864793.000000 7577595.500000 
</covMatrix>
</position>
<velocity vType="VECTOR">
<pt d="3">102.464111 -14.654346 0.00</pt>
<covMatrix nRows="2" nCols="2" type="UPPER_TRIANGULAR">
37046.253906 6600.422852 19013.289062 
</covMatrix>
</velocity>
</normalEstimate>
<time name="UPDATE" format="dd MMM yyyy HH:mm:ss" zone="0">26 MAY 2000 12:02:30.599</time>
</track>
<track trackId="KM562" quality="1" transit="UNCONSTRAINED" type="FLIER" classification="WHEELED">
<status> <confirmed/> <extrapolated/></status>
<normalEstimate>
<position>
<pt d="3">-1.320283 0.769941 202.87</pt>
<covMatrix nRows="2" nCols="2" type="UPPER_TRIANGULAR">
9851524.000000 2389322.750000 2282851.500000 
</covMatrix>
</position>
<velocity vType="VECTOR">
<pt d="3">-45.462357 -6.499539 0.00</pt>
<covMatrix nRows="2" nCols="2" type="UPPER_TRIANGULAR">
31874.765625 5968.304688 12968.929688 
</covMatrix>
</velocity>
</normalEstimate>
<time name="UPDATE" format="dd MMM yyyy HH:mm:ss" zone="0">26 MAY 2000 12:02:40.400</time>
</track>
<track trackId="JC577" quality="1" transit="UNCONSTRAINED" type="FLIER" classification="WHEELED">
<status> <confirmed/> <extrapolated/></status>
<normalEstimate>
<position>
<pt d="3">-1.319453 0.769670 226.82</pt>
<covMatrix nRows="2" nCols="2" type="UPPER_TRIANGULAR">
2347327.750000 559785.812500 304513.437500 
</covMatrix>
</position>
<velocity vType="VECTOR">
<pt d="3">-22.567553 43.381348 0.00</pt>
<covMatrix nRows="2" nCols="2" type="UPPER_TRIANGULAR">
25928.765625 5372.102051 6324.472168 
</covMatrix>
</velocity>
</normalEstimate>
<time name="UPDATE" format="dd MMM yyyy HH:mm:ss" zone="0">26 MAY 2000 12:02:50.200</time>
</track>
<track trackId="MH104" quality="1" transit="UNCONSTRAINED" type="FLIER" classification="WHEELED">
<status> <confirmed/> <extrapolated/></status>
<normalEstimate>
<position>
<pt d="3">-1.320521 0.769708 196.91</pt>
<covMatrix nRows="2" nCols="2" type="UPPER_TRIANGULAR">
24161800.000000 5678953.500000 7535770.000000 
</covMatrix>
</position>
<velocity vType="VECTOR">
<pt d="3">-55.781593 -47.159328 0.00</pt>
<covMatrix nRows="2" nCols="2" type="UPPER_TRIANGULAR">
37380.621094 6306.363281 18917.748047 
</covMatrix>
</velocity>
</normalEstimate>
<time name="UPDATE" format="dd MMM yyyy HH:mm:ss" zone="0">26 MAY 2000 12:02:30.399</time>
</track>
<track trackId="3C543" quality="1" transit="UNCONSTRAINED" type="FLIER" classification="WHEELED">
<status> <confirmed/> <extrapolated/></status>
<normalEstimate>
<position>
<pt d="3">-1.318516 0.768544 145.41</pt>
<covMatrix nRows="2" nCols="2" type="UPPER_TRIANGULAR">
24696578.000000 5482781.500000 7498976.000000 
</covMatrix>
</position>
<velocity vType="VECTOR">
<pt d="3">80.772537 -39.255550 0.00</pt>
<covMatrix nRows="2" nCols="2" type="UPPER_TRIANGULAR">
37672.656250 6008.164551 18827.109375 
</covMatrix>
</velocity>
</normalEstimate>
<time name="UPDATE" format="dd MMM yyyy HH:mm:ss" zone="0">26 MAY 2000 12:02:30.199</time>
</track>
</trackCollection>
</tracks>
