<tracks version="KAT 1.0">
<trackCollection>
<timeInterval>
 <time name="START" format="dd MMM yyyy HH:mm:ss" zone="0">26 MAY 2000 12:03:50.799</time>
<time name="END" format="dd MMM yyyy HH:mm:ss" zone="0">26 MAY 2000 12:03:50.799</time>
</timeInterval>
<time name="AVERAGE" format="dd MMM yyyy HH:mm:ss" zone="0">26 MAY 2000 12:03:50.799</time>
<rbr halfHgt="9980.36" halfWid="8855.75" sinAng="0.819152" cosAng="0.573576">
<pt d="3">-1.319741 0.769168 0.00</pt>
</rbr>
<tracker id="KAT"></tracker>
<projection type="GEODETIC"></projection>
<track trackId="0D054" quality="1" transit="CONSTRAINED" classification="WHEELED">
<status> <confirmed/></status>
<normalEstimate>
<position>
<pt d="3">-1.320511 0.769054 196.23</pt>
<covMatrix nRows="2" nCols="2" type="UPPER_TRIANGULAR">
111.650528 -39.811516 234.350586 
</covMatrix>
</position>
<velocity vType="VECTOR">
<pt d="3">-5.878304 19.857220 0.00</pt>
<covMatrix nRows="2" nCols="2" type="UPPER_TRIANGULAR">
1.563018 -1.906460 7.438773 
</covMatrix>
</velocity>
</normalEstimate>
<truth id="unknown" application="unknown">
 <acceleration>
<pt d="3">0.000000 0.000000 0.00</pt>
</acceleration>
<position>
<pt d="3">-1.320511 0.769055 196.34</pt>
</position>
<velocity vType="VECTOR">
<pt d="3">-5.710000 19.290001 -0.73</pt>
</velocity>
</truth>
<time name="UPDATE" format="dd MMM yyyy HH:mm:ss" zone="0">26 MAY 2000 12:03:50.599</time>
</track>
<track trackId="2K610" quality="1" transit="CONSTRAINED" classification="WHEELED">
<status> <confirmed/></status>
<normalEstimate>
<position>
<pt d="3">-1.319650 0.769212 213.64</pt>
<covMatrix nRows="2" nCols="2" type="UPPER_TRIANGULAR">
105.098503 -37.518143 375.181641 
</covMatrix>
</position>
<velocity vType="VECTOR">
<pt d="3">2.843896 -20.860161 0.00</pt>
<covMatrix nRows="2" nCols="2" type="UPPER_TRIANGULAR">
2.858698 -13.634872 101.012512 
</covMatrix>
</velocity>
</normalEstimate>
<truth id="unknown" application="unknown">
 <acceleration>
<pt d="3">0.000000 0.000000 0.00</pt>
</acceleration>
<position>
<pt d="3">-1.319650 0.769211 213.58</pt>
</position>
<velocity vType="VECTOR">
<pt d="3">2.690000 -19.740000 0.24</pt>
</velocity>
</truth>
<time name="UPDATE" format="dd MMM yyyy HH:mm:ss" zone="0">26 MAY 2000 12:03:50.199</time>
</track>
<track trackId="6L246" quality="1" transit="CONSTRAINED" classification="WHEELED">
<status> <confirmed/></status>
<normalEstimate>
<position>
<pt d="3">-1.320345 0.769779 182.49</pt>
<covMatrix nRows="2" nCols="2" type="UPPER_TRIANGULAR">
58.288700 -43.253494 55.135971 
</covMatrix>
</position>
<velocity vType="VECTOR">
<pt d="3">28.149651 29.194246 0.00</pt>
<covMatrix nRows="2" nCols="2" type="UPPER_TRIANGULAR">
289.586609 299.295746 311.402130 
</covMatrix>
</velocity>
</normalEstimate>
<truth id="unknown" application="unknown">
 <acceleration>
<pt d="3">0.000000 0.000000 0.00</pt>
</acceleration>
<position>
<pt d="3">-1.320345 0.769779 182.48</pt>
</position>
<velocity vType="VECTOR">
<pt d="3">17.549999 18.200001 0.11</pt>
</velocity>
</truth>
<time name="UPDATE" format="dd MMM yyyy HH:mm:ss" zone="0">26 MAY 2000 12:03:50.399</time>
</track>
<track trackId="7B423" quality="1" transit="CONSTRAINED" classification="WHEELED">
<status> <confirmed/></status>
<normalEstimate>
<position>
<pt d="3">-1.320458 0.768927 207.38</pt>
<covMatrix nRows="2" nCols="2" type="UPPER_TRIANGULAR">
110.575638 -29.944693 183.238815 
</covMatrix>
</position>
<velocity vType="VECTOR">
<pt d="3">-14.208803 39.579647 0.00</pt>
<covMatrix nRows="2" nCols="2" type="UPPER_TRIANGULAR">
12.436621 -31.862389 89.753235 
</covMatrix>
</velocity>
</normalEstimate>
<truth id="unknown" application="unknown">
 <acceleration>
<pt d="3">0.000000 0.000000 0.00</pt>
</acceleration>
<position>
<pt d="3">-1.320457 0.768925 207.07</pt>
</position>
<velocity vType="VECTOR">
<pt d="3">-7.840000 21.860001 -0.96</pt>
</velocity>
</truth>
<time name="UPDATE" format="dd MMM yyyy HH:mm:ss" zone="0">26 MAY 2000 12:03:50.599</time>
</track>
<track trackId="AJ766" quality="1" transit="CONSTRAINED" classification="WHEELED">
<status> <confirmed/></status>
<normalEstimate>
<position>
<pt d="3">-1.320468 0.769566 186.74</pt>
<covMatrix nRows="2" nCols="2" type="UPPER_TRIANGULAR">
97.558365 4.530098 90.868210 
</covMatrix>
</position>
<velocity vType="VECTOR">
<pt d="3">-17.639259 34.952087 0.00</pt>
<covMatrix nRows="2" nCols="2" type="UPPER_TRIANGULAR">
1.863441 -1.713983 4.394693 
</covMatrix>
</velocity>
</normalEstimate>
<truth id="unknown" application="unknown">
 <acceleration>
<pt d="3">0.000000 0.000000 0.00</pt>
</acceleration>
<position>
<pt d="3">-1.320469 0.769567 187.14</pt>
</position>
<velocity vType="VECTOR">
<pt d="3">-4.790000 9.500000 -0.41</pt>
</velocity>
</truth>
<time name="UPDATE" format="dd MMM yyyy HH:mm:ss" zone="0">26 MAY 2000 12:03:50.399</time>
</track>
<track trackId="G4043" quality="1" transit="CONSTRAINED" classification="WHEELED">
<status> <confirmed/></status>
<normalEstimate>
<position>
<pt d="3">-1.319749 0.768613 213.17</pt>
<covMatrix nRows="2" nCols="2" type="UPPER_TRIANGULAR">
11.687586 12.728820 98.082069 
</covMatrix>
</position>
<velocity vType="VECTOR">
<pt d="3">36.214516 -5.224568 0.00</pt>
<covMatrix nRows="2" nCols="2" type="UPPER_TRIANGULAR">
4.328723 -0.480343 1.068482 
</covMatrix>
</velocity>
</normalEstimate>
<truth id="unknown" application="unknown">
 <acceleration>
<pt d="3">0.000000 0.000000 0.00</pt>
</acceleration>
<position>
<pt d="3">-1.319750 0.768613 213.30</pt>
</position>
<velocity vType="VECTOR">
<pt d="3">13.600000 -1.960000 0.38</pt>
</velocity>
</truth>
<time name="UPDATE" format="dd MMM yyyy HH:mm:ss" zone="0">26 MAY 2000 12:03:50.399</time>
</track>
<track trackId="HP042" quality="1" transit="CONSTRAINED" classification="WHEELED">
<status> <confirmed/></status>
<normalEstimate>
<position>
<pt d="3">-1.320669 0.768706 213.53</pt>
<covMatrix nRows="2" nCols="2" type="UPPER_TRIANGULAR">
105.424408 -12.718239 129.086426 
</covMatrix>
</position>
<velocity vType="VECTOR">
<pt d="3">16.008642 -36.756100 0.00</pt>
<covMatrix nRows="2" nCols="2" type="UPPER_TRIANGULAR">
2.665072 -3.825668 9.782647 
</covMatrix>
</velocity>
</normalEstimate>
<truth id="unknown" application="unknown">
 <acceleration>
<pt d="3">0.000000 0.000000 0.00</pt>
</acceleration>
<position>
<pt d="3">-1.320670 0.768708 213.92</pt>
</position>
<velocity vType="VECTOR">
<pt d="3">10.660000 -24.469999 0.88</pt>
</velocity>
</truth>
<time name="UPDATE" format="dd MMM yyyy HH:mm:ss" zone="0">26 MAY 2000 12:03:50.599</time>
</track>
<track trackId="NH164" quality="1" transit="CONSTRAINED" classification="WHEELED">
<status> <confirmed/> <dropped/> <extrapolated/></status>
<normalEstimate>
<position>
<pt d="3">-1.319645 0.769190 212.18</pt>
<covMatrix nRows="2" nCols="2" type="UPPER_TRIANGULAR">
5160.338379 -37118.035156 272363.187500 
</covMatrix>
</position>
<velocity vType="VECTOR">
<pt d="3">2.982315 -21.875473 0.00</pt>
<covMatrix nRows="2" nCols="2" type="UPPER_TRIANGULAR">
3.289098 -16.791887 124.169426 
</covMatrix>
</velocity>
</normalEstimate>
<time name="UPDATE" format="dd MMM yyyy HH:mm:ss" zone="0">26 MAY 2000 12:02:50.200</time>
</track>
<track trackId="NW705" quality="1" transit="CONSTRAINED" classification="WHEELED">
<status> <confirmed/></status>
<normalEstimate>
<position>
<pt d="3">-1.320695 0.769480 192.67</pt>
<covMatrix nRows="2" nCols="2" type="UPPER_TRIANGULAR">
26.834826 -35.547916 82.698914 
</covMatrix>
</position>
<velocity vType="VECTOR">
<pt d="3">-34.895672 -16.959949 0.00</pt>
<covMatrix nRows="2" nCols="2" type="UPPER_TRIANGULAR">
16.915253 7.735229 4.759225 
</covMatrix>
</velocity>
</normalEstimate>
<truth id="unknown" application="unknown">
 <acceleration>
<pt d="3">0.000000 0.000000 0.00</pt>
</acceleration>
<position>
<pt d="3">-1.320695 0.769480 192.64</pt>
</position>
<velocity vType="VECTOR">
<pt d="3">-11.200000 -5.440000 -0.17</pt>
</velocity>
</truth>
<time name="UPDATE" format="dd MMM yyyy HH:mm:ss" zone="0">26 MAY 2000 12:03:50.599</time>
</track>
<track trackId="YC024" quality="1" transit="CONSTRAINED" classification="WHEELED">
<status> <confirmed/></status>
<normalEstimate>
<position>
<pt d="3">-1.320559 0.769814 179.60</pt>
<covMatrix nRows="2" nCols="2" type="UPPER_TRIANGULAR">
107.198357 -18.865929 147.635788 
</covMatrix>
</position>
<velocity vType="VECTOR">
<pt d="3">-14.352733 36.420059 0.00</pt>
<covMatrix nRows="2" nCols="2" type="UPPER_TRIANGULAR">
34.416344 -84.799980 216.177567 
</covMatrix>
</velocity>
</normalEstimate>
<truth id="unknown" application="unknown">
 <acceleration>
<pt d="3">0.000000 0.000000 0.00</pt>
</acceleration>
<position>
<pt d="3">-1.320560 0.769816 179.95</pt>
</position>
<velocity vType="VECTOR">
<pt d="3">-10.030000 25.459999 -1.33</pt>
</velocity>
</truth>
<time name="UPDATE" format="dd MMM yyyy HH:mm:ss" zone="0">26 MAY 2000 12:03:50.399</time>
</track>
<track trackId="ZC104" quality="1" transit="CONSTRAINED" classification="WHEELED">
<status> <confirmed/></status>
<normalEstimate>
<position>
<pt d="3">-1.320392 0.769738 180.77</pt>
<covMatrix nRows="2" nCols="2" type="UPPER_TRIANGULAR">
65.840607 -41.643024 49.202316 
</covMatrix>
</position>
<velocity vType="VECTOR">
<pt d="3">-20.819714 -25.390310 0.00</pt>
<covMatrix nRows="2" nCols="2" type="UPPER_TRIANGULAR">
3.185286 2.665181 4.250147 
</covMatrix>
</velocity>
</normalEstimate>
<truth id="unknown" application="unknown">
 <acceleration>
<pt d="3">0.000000 0.000000 0.00</pt>
</acceleration>
<position>
<pt d="3">-1.320391 0.769739 180.76</pt>
</position>
<velocity vType="VECTOR">
<pt d="3">-10.440000 -12.740000 -0.16</pt>
</velocity>
</truth>
<time name="UPDATE" format="dd MMM yyyy HH:mm:ss" zone="0">26 MAY 2000 12:03:50.399</time>
</track>
<track trackId="ZL120" quality="1" transit="CONSTRAINED" classification="WHEELED">
<status> <confirmed/></status>
<normalEstimate>
<position>
<pt d="3">-1.320924 0.768519 201.92</pt>
<covMatrix nRows="2" nCols="2" type="UPPER_TRIANGULAR">
13.264882 16.260170 96.862709 
</covMatrix>
</position>
<velocity vType="VECTOR">
<pt d="3">-14.148235 2.654992 0.00</pt>
<covMatrix nRows="2" nCols="2" type="UPPER_TRIANGULAR">
3.559564 -0.480477 1.089304 
</covMatrix>
</velocity>
</normalEstimate>
<truth id="unknown" application="unknown">
 <acceleration>
<pt d="3">0.000000 0.000000 0.00</pt>
</acceleration>
<position>
<pt d="3">-1.320924 0.768519 201.92</pt>
</position>
<velocity vType="VECTOR">
<pt d="3">-13.430000 2.520000 -0.38</pt>
</velocity>
</truth>
<time name="UPDATE" format="dd MMM yyyy HH:mm:ss" zone="0">26 MAY 2000 12:03:50.799</time>
</track>
<track trackId="JG664" quality="1" transit="CONSTRAINED" classification="WHEELED">
<status> <confirmed/> <extrapolated/></status>
<normalEstimate>
<position>
<pt d="3">-1.318918 0.768262 232.48</pt>
<covMatrix nRows="2" nCols="2" type="UPPER_TRIANGULAR">
1247523.875000 -750877.000000 452004.156250 
</covMatrix>
</position>
<velocity vType="VECTOR">
<pt d="3">8.272339 -4.979234 0.00</pt>
<covMatrix nRows="2" nCols="2" type="UPPER_TRIANGULAR">
81.058876 -48.543674 29.629078 
</covMatrix>
</velocity>
</normalEstimate>
<time name="UPDATE" format="dd MMM yyyy HH:mm:ss" zone="0">26 MAY 2000 12:00:20.400</time>
</track>
<track trackId="F4652" quality="1" transit="CONSTRAINED" classification="WHEELED">
<status> <confirmed/> <extrapolated/> <screened/></status>
<normalEstimate>
<position>
<pt d="3">-1.320266 0.768822 208.95</pt>
<covMatrix nRows="2" nCols="2" type="UPPER_TRIANGULAR">
1235.972900 -4393.239258 15767.119141 
</covMatrix>
</position>
<velocity vType="VECTOR">
<pt d="3">-3.631190 13.023057 0.00</pt>
<covMatrix nRows="2" nCols="2" type="UPPER_TRIANGULAR">
0.839721 -2.616545 9.494245 
</covMatrix>
</velocity>
</normalEstimate>
<time name="UPDATE" format="dd MMM yyyy HH:mm:ss" zone="0">26 MAY 2000 12:02:50.400</time>
</track>
<track trackId="YZ030" quality="1" transit="CONSTRAINED" classification="WHEELED">
<status> <confirmed/> <extrapolated/></status>
<normalEstimate>
<position>
<pt d="3">-1.318926 0.768520 229.92</pt>
<covMatrix nRows="2" nCols="2" type="UPPER_TRIANGULAR">
120231.476562 -2075.718262 70.070694 
</covMatrix>
</position>
<velocity vType="VECTOR">
<pt d="3">21.684517 -0.374476 0.00</pt>
<covMatrix nRows="2" nCols="2" type="UPPER_TRIANGULAR">
44.393803 -0.760738 0.355383 
</covMatrix>
</velocity>
</normalEstimate>
<time name="UPDATE" format="dd MMM yyyy HH:mm:ss" zone="0">26 MAY 2000 12:02:40.200</time>
</track>
<track trackId="76363" quality="1" transit="CONSTRAINED" classification="WHEELED">
<status> <confirmed/> <extrapolated/></status>
<normalEstimate>
<position>
<pt d="3">-1.320673 0.768134 211.41</pt>
<covMatrix nRows="2" nCols="2" type="UPPER_TRIANGULAR">
306605.656250 -94418.601562 29086.257812 
</covMatrix>
</position>
<velocity vType="VECTOR">
<pt d="3">-6.777689 2.087240 0.00</pt>
<covMatrix nRows="2" nCols="2" type="UPPER_TRIANGULAR">
21.903912 -6.716677 2.161952 
</covMatrix>
</velocity>
</normalEstimate>
<time name="UPDATE" format="dd MMM yyyy HH:mm:ss" zone="0">26 MAY 2000 12:00:30.799</time>
</track>
<track trackId="2D352" quality="1" transit="CONSTRAINED" classification="WHEELED">
<status> <confirmed/> <extrapolated/></status>
<normalEstimate>
<position>
<pt d="3">-1.318522 0.769241 223.41</pt>
<covMatrix nRows="2" nCols="2" type="UPPER_TRIANGULAR">
11734.914062 -32683.019531 91135.101562 
</covMatrix>
</position>
<velocity vType="VECTOR">
<pt d="3">4.576157 -12.758658 0.00</pt>
<covMatrix nRows="2" nCols="2" type="UPPER_TRIANGULAR">
2.381117 -6.290985 17.664446 
</covMatrix>
</velocity>
</normalEstimate>
<time name="UPDATE" format="dd MMM yyyy HH:mm:ss" zone="0">26 MAY 2000 12:02:00.199</time>
</track>
<track trackId="5L166" quality="1" transit="CONSTRAINED" classification="WHEELED">
<status> <confirmed/> <extrapolated/></status>
<normalEstimate>
<position>
<pt d="3">-1.320378 0.769504 193.12</pt>
<covMatrix nRows="2" nCols="2" type="UPPER_TRIANGULAR">
1490.058716 -7773.684082 40980.039062 
</covMatrix>
</position>
<velocity vType="VECTOR">
<pt d="3">-2.188999 11.535412 0.00</pt>
<covMatrix nRows="2" nCols="2" type="UPPER_TRIANGULAR">
3.903624 -19.785923 104.415253 
</covMatrix>
</velocity>
</normalEstimate>
<time name="UPDATE" format="dd MMM yyyy HH:mm:ss" zone="0">26 MAY 2000 12:03:30.399</time>
</track>
<track trackId="3D432" quality="1" transit="CONSTRAINED" classification="WHEELED">
<status> <confirmed/> <extrapolated/></status>
<normalEstimate>
<position>
<pt d="3">-1.319677 0.767736 226.57</pt>
<covMatrix nRows="2" nCols="2" type="UPPER_TRIANGULAR">
394822.125000 597096.625000 903328.875000 
</covMatrix>
</position>
<velocity vType="VECTOR">
<pt d="3">-16.384626 -24.785048 0.00</pt>
<covMatrix nRows="2" nCols="2" type="UPPER_TRIANGULAR">
56.290668 83.638489 127.519905 
</covMatrix>
</velocity>
</normalEstimate>
<time name="UPDATE" format="dd MMM yyyy HH:mm:ss" zone="0">26 MAY 2000 12:01:30.399</time>
</track>
<track trackId="AQ473" quality="1" transit="CONSTRAINED" classification="WHEELED">
<status> <confirmed/> <extrapolated/></status>
<normalEstimate>
<position>
<pt d="3">-1.319189 0.769698 203.69</pt>
<covMatrix nRows="2" nCols="2" type="UPPER_TRIANGULAR">
37.511452 -102.632912 287.785187 
</covMatrix>
</position>
<velocity vType="VECTOR">
<pt d="3">1.099902 -3.075507 0.00</pt>
<covMatrix nRows="2" nCols="2" type="UPPER_TRIANGULAR">
0.070388 -0.174263 0.495335 
</covMatrix>
</velocity>
</normalEstimate>
<time name="UPDATE" format="dd MMM yyyy HH:mm:ss" zone="0">26 MAY 2000 12:03:20.200</time>
</track>
<track trackId="4Q724" quality="1" transit="CONSTRAINED" classification="WHEELED">
<status> <confirmed/> <extrapolated/></status>
<normalEstimate>
<position>
<pt d="3">-1.318538 0.769152 224.63</pt>
<covMatrix nRows="2" nCols="2" type="UPPER_TRIANGULAR">
905.698364 -545.435181 328.660828 
</covMatrix>
</position>
<velocity vType="VECTOR">
<pt d="3">1.226935 -0.739004 0.00</pt>
<covMatrix nRows="2" nCols="2" type="UPPER_TRIANGULAR">
0.163156 -0.097451 0.060059 
</covMatrix>
</velocity>
</normalEstimate>
<time name="UPDATE" format="dd MMM yyyy HH:mm:ss" zone="0">26 MAY 2000 12:01:50.200</time>
</track>
<track trackId="NJ053" quality="1" transit="CONSTRAINED" classification="WHEELED">
<status> <confirmed/> <extrapolated/></status>
<normalEstimate>
<position>
<pt d="3">-1.320372 0.769691 185.50</pt>
<covMatrix nRows="2" nCols="2" type="UPPER_TRIANGULAR">
4533.703125 3330.173584 2447.625488 
</covMatrix>
</position>
<velocity vType="VECTOR">
<pt d="3">1.760112 1.293143 0.00</pt>
<covMatrix nRows="2" nCols="2" type="UPPER_TRIANGULAR">
0.946319 0.688149 0.515251 
</covMatrix>
</velocity>
</normalEstimate>
<time name="UPDATE" format="dd MMM yyyy HH:mm:ss" zone="0">26 MAY 2000 12:01:50.400</time>
</track>
<track trackId="5E461" quality="1" transit="CONSTRAINED" classification="WHEELED">
<status> <confirmed/> <extrapolated/></status>
<normalEstimate>
<position>
<pt d="3">-1.319688 0.767706 227.87</pt>
<covMatrix nRows="2" nCols="2" type="UPPER_TRIANGULAR">
366213.375000 -53478.988281 7824.158203 
</covMatrix>
</position>
<velocity vType="VECTOR">
<pt d="3">12.076104 -1.763570 0.00</pt>
<covMatrix nRows="2" nCols="2" type="UPPER_TRIANGULAR">
36.711899 -5.340602 0.921877 
</covMatrix>
</velocity>
</normalEstimate>
<time name="UPDATE" format="dd MMM yyyy HH:mm:ss" zone="0">26 MAY 2000 12:01:40.400</time>
</track>
<track trackId="K6041" quality="1" transit="CONSTRAINED" classification="WHEELED">
<status> <confirmed/> <extrapolated/></status>
<normalEstimate>
<position>
<pt d="3">-1.320821 0.769689 179.34</pt>
<covMatrix nRows="2" nCols="2" type="UPPER_TRIANGULAR">
1289162.625000 184615.781250 26476.226562 
</covMatrix>
</position>
<velocity vType="VECTOR">
<pt d="3">-25.277769 -3.620032 0.00</pt>
<covMatrix nRows="2" nCols="2" type="UPPER_TRIANGULAR">
604.827637 86.563911 12.770599 
</covMatrix>
</velocity>
</normalEstimate>
<time name="UPDATE" format="dd MMM yyyy HH:mm:ss" zone="0">26 MAY 2000 12:02:40.400</time>
</track>
<track trackId="NS067" quality="1" transit="CONSTRAINED" classification="WHEELED">
<status> <confirmed/> <extrapolated/></status>
<normalEstimate>
<position>
<pt d="3">-1.320790 0.769399 196.53</pt>
<covMatrix nRows="2" nCols="2" type="UPPER_TRIANGULAR">
9920.953125 -32523.041016 106787.531250 
</covMatrix>
</position>
<velocity vType="VECTOR">
<pt d="3">3.545497 -11.639861 0.00</pt>
<covMatrix nRows="2" nCols="2" type="UPPER_TRIANGULAR">
4.629340 -14.723851 48.482838 
</covMatrix>
</velocity>
</normalEstimate>
<time name="UPDATE" format="dd MMM yyyy HH:mm:ss" zone="0">26 MAY 2000 12:03:00.599</time>
</track>
<track trackId="LK333" quality="1" transit="CONSTRAINED" classification="WHEELED">
<status> <confirmed/> <extrapolated/> <screened/></status>
<normalEstimate>
<position>
<pt d="3">-1.320955 0.769018 205.51</pt>
<covMatrix nRows="2" nCols="2" type="UPPER_TRIANGULAR">
1626.896362 919.408813 519.915771 
</covMatrix>
</position>
<velocity vType="VECTOR">
<pt d="3">-0.831983 -0.470251 0.00</pt>
<covMatrix nRows="2" nCols="2" type="UPPER_TRIANGULAR">
0.302788 0.169729 0.098433 
</covMatrix>
</velocity>
</normalEstimate>
<time name="UPDATE" format="dd MMM yyyy HH:mm:ss" zone="0">26 MAY 2000 12:01:50.600</time>
</track>
<track trackId="43476" quality="1" transit="CONSTRAINED" classification="WHEELED">
<status> <confirmed/> <extrapolated/></status>
<normalEstimate>
<position>
<pt d="3">-1.319648 0.769204 213.12</pt>
<covMatrix nRows="2" nCols="2" type="UPPER_TRIANGULAR">
14912.654297 -108651.914062 797068.875000 
</covMatrix>
</position>
<velocity vType="VECTOR">
<pt d="3">2.794914 -20.500874 0.00</pt>
<covMatrix nRows="2" nCols="2" type="UPPER_TRIANGULAR">
7.606184 -48.457996 356.442413 
</covMatrix>
</velocity>
</normalEstimate>
<time name="UPDATE" format="dd MMM yyyy HH:mm:ss" zone="0">26 MAY 2000 12:03:00.199</time>
</track>
<track trackId="AT002" quality="1" transit="CONSTRAINED" classification="WHEELED">
<status> <confirmed/> <extrapolated/></status>
<normalEstimate>
<position>
<pt d="3">-1.319049 0.768675 223.14</pt>
<covMatrix nRows="2" nCols="2" type="UPPER_TRIANGULAR">
31876.259766 175637.593750 967972.750000 
</covMatrix>
</position>
<velocity vType="VECTOR">
<pt d="3">1.002973 5.527542 0.00</pt>
<covMatrix nRows="2" nCols="2" type="UPPER_TRIANGULAR">
5.700769 31.043825 171.155197 
</covMatrix>
</velocity>
</normalEstimate>
<time name="UPDATE" format="dd MMM yyyy HH:mm:ss" zone="0">26 MAY 2000 12:01:40.199</time>
</track>
<track trackId="5W511" quality="1" transit="CONSTRAINED" classification="WHEELED">
<status> <confirmed/> <extrapolated/></status>
<normalEstimate>
<position>
<pt d="3">-1.320479 0.769678 181.41</pt>
<covMatrix nRows="2" nCols="2" type="UPPER_TRIANGULAR">
626.468506 -18740.867188 568362.437500 
</covMatrix>
</position>
<velocity vType="VECTOR">
<pt d="3">0.306238 -9.287286 0.00</pt>
<covMatrix nRows="2" nCols="2" type="UPPER_TRIANGULAR">
0.270003 -5.608012 170.159180 
</covMatrix>
</velocity>
</normalEstimate>
<time name="UPDATE" format="dd MMM yyyy HH:mm:ss" zone="0">26 MAY 2000 12:02:10.400</time>
</track>
<track trackId="H7321" quality="1" transit="CONSTRAINED" classification="WHEELED">
<status> <confirmed/> <extrapolated/></status>
<normalEstimate>
<position>
<pt d="3">-1.319702 0.768518 211.99</pt>
<covMatrix nRows="2" nCols="2" type="UPPER_TRIANGULAR">
2535.928467 -7079.608398 19800.367188 
</covMatrix>
</position>
<velocity vType="VECTOR">
<pt d="3">0.978177 -2.735215 0.00</pt>
<covMatrix nRows="2" nCols="2" type="UPPER_TRIANGULAR">
0.676040 -1.775852 5.006660 
</covMatrix>
</velocity>
</normalEstimate>
<time name="UPDATE" format="dd MMM yyyy HH:mm:ss" zone="0">26 MAY 2000 12:02:10.400</time>
</track>
<track trackId="PA117" quality="1" transit="CONSTRAINED" classification="WHEELED">
<status> <confirmed/> <extrapolated/></status>
<normalEstimate>
<position>
<pt d="3">-1.319300 0.769820 192.36</pt>
<covMatrix nRows="2" nCols="2" type="UPPER_TRIANGULAR">
2872.489502 6124.096680 13627.183594 
</covMatrix>
</position>
<velocity vType="VECTOR">
<pt d="3">14.259398 31.496891 0.00</pt>
<covMatrix nRows="2" nCols="2" type="UPPER_TRIANGULAR">
8.140499 15.773093 35.840061 
</covMatrix>
</velocity>
</normalEstimate>
<time name="UPDATE" format="dd MMM yyyy HH:mm:ss" zone="0">26 MAY 2000 12:03:20.200</time>
</track>
<track trackId="1H221" quality="1" transit="CONSTRAINED" classification="WHEELED">
<status> <confirmed/> <extrapolated/></status>
<normalEstimate>
<position>
<pt d="3">-1.319644 0.769185 211.85</pt>
<covMatrix nRows="2" nCols="2" type="UPPER_TRIANGULAR">
12424.766602 -90403.093750 663212.562500 
</covMatrix>
</position>
<velocity vType="VECTOR">
<pt d="3">3.212863 -23.566559 0.00</pt>
<covMatrix nRows="2" nCols="2" type="UPPER_TRIANGULAR">
9.199002 -60.141418 442.141083 
</covMatrix>
</velocity>
</normalEstimate>
<time name="UPDATE" format="dd MMM yyyy HH:mm:ss" zone="0">26 MAY 2000 12:03:10.200</time>
</track>
<track trackId="64525" quality="1" transit="CONSTRAINED" classification="WHEELED">
<status> <confirmed/> <extrapolated/></status>
<normalEstimate>
<position>
<pt d="3">-1.319078 0.768699 222.40</pt>
<covMatrix nRows="2" nCols="2" type="UPPER_TRIANGULAR">
715563.687500 1026112.375000 1471494.250000 
</covMatrix>
</position>
<velocity vType="VECTOR">
<pt d="3">5.781613 8.291003 0.00</pt>
<covMatrix nRows="2" nCols="2" type="UPPER_TRIANGULAR">
148.551559 212.756851 305.288177 
</covMatrix>
</velocity>
</normalEstimate>
<time name="UPDATE" format="dd MMM yyyy HH:mm:ss" zone="0">26 MAY 2000 12:01:50.200</time>
</track>
<track trackId="R1132" quality="1" transit="CONSTRAINED" classification="WHEELED">
<status> <confirmed/> <extrapolated/></status>
<normalEstimate>
<position>
<pt d="3">-1.319548 0.769744 198.38</pt>
<covMatrix nRows="2" nCols="2" type="UPPER_TRIANGULAR">
2340.113770 2038.303711 1796.220215 
</covMatrix>
</position>
<velocity vType="VECTOR">
<pt d="3">-11.191410 -9.797439 0.00</pt>
<covMatrix nRows="2" nCols="2" type="UPPER_TRIANGULAR">
4.258095 3.624399 3.290974 
</covMatrix>
</velocity>
</normalEstimate>
<time name="UPDATE" format="dd MMM yyyy HH:mm:ss" zone="0">26 MAY 2000 12:03:20.200</time>
</track>
<track trackId="HH335" quality="1" transit="CONSTRAINED" classification="WHEELED">
<status> <confirmed/> <extrapolated/></status>
<normalEstimate>
<position>
<pt d="3">-1.318642 0.769030 219.01</pt>
<covMatrix nRows="2" nCols="2" type="UPPER_TRIANGULAR">
13488.664062 13526.827148 13573.623047 
</covMatrix>
</position>
<velocity vType="VECTOR">
<pt d="3">3.793385 3.805316 0.00</pt>
<covMatrix nRows="2" nCols="2" type="UPPER_TRIANGULAR">
3.076475 3.043521 3.095591 
</covMatrix>
</velocity>
</normalEstimate>
<time name="UPDATE" format="dd MMM yyyy HH:mm:ss" zone="0">26 MAY 2000 12:02:00.199</time>
</track>
<track trackId="GE057" quality="1" transit="CONSTRAINED" classification="WHEELED">
<status> <confirmed/> <extrapolated/> <screened/></status>
<normalEstimate>
<position>
<pt d="3">-1.320647 0.768777 214.62</pt>
<covMatrix nRows="2" nCols="2" type="UPPER_TRIANGULAR">
79.569199 157.140747 327.524017 
</covMatrix>
</position>
<velocity vType="VECTOR">
<pt d="3">2.391803 4.933604 0.00</pt>
<covMatrix nRows="2" nCols="2" type="UPPER_TRIANGULAR">
0.273948 0.495199 1.055330 
</covMatrix>
</velocity>
</normalEstimate>
<time name="UPDATE" format="dd MMM yyyy HH:mm:ss" zone="0">26 MAY 2000 12:03:20.599</time>
</track>
<track trackId="RQ667" quality="1" transit="CONSTRAINED" classification="WHEELED">
<status> <confirmed/> <extrapolated/></status>
<normalEstimate>
<position>
<pt d="3">-1.320380 0.769010 195.86</pt>
<covMatrix nRows="2" nCols="2" type="UPPER_TRIANGULAR">
42.961685 -72.370430 204.385849 
</covMatrix>
</position>
<velocity vType="VECTOR">
<pt d="3">5.994143 -15.663891 0.00</pt>
<covMatrix nRows="2" nCols="2" type="UPPER_TRIANGULAR">
0.592257 -1.148715 3.154497 
</covMatrix>
</velocity>
</normalEstimate>
<time name="UPDATE" format="dd MMM yyyy HH:mm:ss" zone="0">26 MAY 2000 12:03:40.600</time>
</track>
<track trackId="0G252" quality="1" transit="CONSTRAINED" classification="WHEELED">
<status> <confirmed/> <extrapolated/></status>
<normalEstimate>
<position>
<pt d="3">-1.319259 0.769890 186.91</pt>
<covMatrix nRows="2" nCols="2" type="UPPER_TRIANGULAR">
54965.546875 86346.187500 135989.734375 
</covMatrix>
</position>
<velocity vType="VECTOR">
<pt d="3">23.857708 37.546734 0.00</pt>
<covMatrix nRows="2" nCols="2" type="UPPER_TRIANGULAR">
176.671021 276.467285 436.098053 
</covMatrix>
</velocity>
</normalEstimate>
<time name="UPDATE" format="dd MMM yyyy HH:mm:ss" zone="0">26 MAY 2000 12:03:20.200</time>
</track>
<track trackId="DL075" quality="1" transit="CONSTRAINED" classification="WHEELED">
<status> <confirmed/> <extrapolated/></status>
<normalEstimate>
<position>
<pt d="3">-1.320567 0.769623 184.11</pt>
<covMatrix nRows="2" nCols="2" type="UPPER_TRIANGULAR">
2108.014404 -2396.433594 2761.612793 
</covMatrix>
</position>
<velocity vType="VECTOR">
<pt d="3">-5.119941 5.865529 0.00</pt>
<covMatrix nRows="2" nCols="2" type="UPPER_TRIANGULAR">
4.149029 -4.567638 5.394796 
</covMatrix>
</velocity>
</normalEstimate>
<time name="UPDATE" format="dd MMM yyyy HH:mm:ss" zone="0">26 MAY 2000 12:03:20.399</time>
</track>
<track trackId="JX136" quality="1" transit="CONSTRAINED" classification="WHEELED">
<status> <confirmed/> <extrapolated/></status>
<normalEstimate>
<position>
<pt d="3">-1.320089 0.768619 212.09</pt>
<covMatrix nRows="2" nCols="2" type="UPPER_TRIANGULAR">
754.784973 -360.877808 173.801498 
</covMatrix>
</position>
<velocity vType="VECTOR">
<pt d="3">1.222289 -0.585195 0.00</pt>
<covMatrix nRows="2" nCols="2" type="UPPER_TRIANGULAR">
0.651569 -0.307048 0.157247 
</covMatrix>
</velocity>
</normalEstimate>
<time name="UPDATE" format="dd MMM yyyy HH:mm:ss" zone="0">26 MAY 2000 12:03:00.599</time>
</track>
<track trackId="RD455" quality="1" transit="CONSTRAINED" classification="WHEELED">
<status> <confirmed/> <extrapolated/></status>
<normalEstimate>
<position>
<pt d="3">-1.318791 0.768808 224.11</pt>
<covMatrix nRows="2" nCols="2" type="UPPER_TRIANGULAR">
42271.187500 65908.781250 103107.875000 
</covMatrix>
</position>
<velocity vType="VECTOR">
<pt d="3">10.459288 16.346672 0.00</pt>
<covMatrix nRows="2" nCols="2" type="UPPER_TRIANGULAR">
26.261555 39.481213 62.704445 
</covMatrix>
</velocity>
</normalEstimate>
<time name="UPDATE" format="dd MMM yyyy HH:mm:ss" zone="0">26 MAY 2000 12:02:40.200</time>
</track>
<track trackId="AA063" quality="1" transit="CONSTRAINED" classification="WHEELED">
<status> <confirmed/> <extrapolated/></status>
<normalEstimate>
<position>
<pt d="3">-1.320029 0.769648 188.03</pt>
<covMatrix nRows="2" nCols="2" type="UPPER_TRIANGULAR">
5433.607910 11607.322266 24891.447266 
</covMatrix>
</position>
<velocity vType="VECTOR">
<pt d="3">-4.357998 -9.339109 0.00</pt>
<covMatrix nRows="2" nCols="2" type="UPPER_TRIANGULAR">
3.035690 6.137434 13.324127 
</covMatrix>
</velocity>
</normalEstimate>
<time name="UPDATE" format="dd MMM yyyy HH:mm:ss" zone="0">26 MAY 2000 12:02:40.200</time>
</track>
<track trackId="UX503" quality="1" transit="CONSTRAINED" classification="WHEELED">
<status> <confirmed/> <extrapolated/></status>
<normalEstimate>
<position>
<pt d="3">-1.319703 0.768519 211.86</pt>
<covMatrix nRows="2" nCols="2" type="UPPER_TRIANGULAR">
878.534119 -2445.139160 6841.287109 
</covMatrix>
</position>
<velocity vType="VECTOR">
<pt d="3">2.390195 -6.683556 0.00</pt>
<covMatrix nRows="2" nCols="2" type="UPPER_TRIANGULAR">
0.483045 -1.236192 3.497641 
</covMatrix>
</velocity>
</normalEstimate>
<time name="UPDATE" format="dd MMM yyyy HH:mm:ss" zone="0">26 MAY 2000 12:02:40.400</time>
</track>
<track trackId="0A545" quality="1" transit="CONSTRAINED" classification="WHEELED">
<status> <confirmed/> <extrapolated/> <screened/></status>
<normalEstimate>
<position>
<pt d="3">-1.320409 0.768846 208.65</pt>
<covMatrix nRows="2" nCols="2" type="UPPER_TRIANGULAR">
890.739014 1647.060425 3068.148438 
</covMatrix>
</position>
<velocity vType="VECTOR">
<pt d="3">2.864162 5.326523 0.00</pt>
<covMatrix nRows="2" nCols="2" type="UPPER_TRIANGULAR">
0.869035 1.521560 2.880533 
</covMatrix>
</velocity>
</normalEstimate>
<time name="UPDATE" format="dd MMM yyyy HH:mm:ss" zone="0">26 MAY 2000 12:03:00.399</time>
</track>
<track trackId="DE370" quality="1" transit="CONSTRAINED" classification="WHEELED">
<status> <confirmed/> <extrapolated/></status>
<normalEstimate>
<position>
<pt d="3">-1.318552 0.768496 229.56</pt>
<covMatrix nRows="2" nCols="2" type="UPPER_TRIANGULAR">
113999.203125 8674.317383 760.590332 
</covMatrix>
</position>
<velocity vType="VECTOR">
<pt d="3">23.987709 1.826852 0.00</pt>
<covMatrix nRows="2" nCols="2" type="UPPER_TRIANGULAR">
81.292076 6.114890 1.465428 
</covMatrix>
</velocity>
</normalEstimate>
<time name="UPDATE" format="dd MMM yyyy HH:mm:ss" zone="0">26 MAY 2000 12:02:50.200</time>
</track>
<track trackId="BV371" quality="1" transit="CONSTRAINED" classification="WHEELED">
<status> <confirmed/> <extrapolated/></status>
<normalEstimate>
<position>
<pt d="3">-1.318951 0.768718 231.15</pt>
<covMatrix nRows="2" nCols="2" type="UPPER_TRIANGULAR">
6677.949707 2735.728516 1237.642578 
</covMatrix>
</position>
<velocity vType="VECTOR">
<pt d="3">17.161499 7.137240 0.00</pt>
<covMatrix nRows="2" nCols="2" type="UPPER_TRIANGULAR">
30.713238 12.357803 6.138340 
</covMatrix>
</velocity>
</normalEstimate>
<time name="UPDATE" format="dd MMM yyyy HH:mm:ss" zone="0">26 MAY 2000 12:03:30.199</time>
</track>
<track trackId="QS227" quality="1" transit="CONSTRAINED" classification="WHEELED">
<status> <confirmed/> <extrapolated/></status>
<normalEstimate>
<position>
<pt d="3">-1.320571 0.769829 178.98</pt>
<covMatrix nRows="2" nCols="2" type="UPPER_TRIANGULAR">
3932.141846 -12554.060547 41226.808594 
</covMatrix>
</position>
<velocity vType="VECTOR">
<pt d="3">-9.183315 30.084333 0.00</pt>
<covMatrix nRows="2" nCols="2" type="UPPER_TRIANGULAR">
11.698548 -35.048702 115.818611 
</covMatrix>
</velocity>
</normalEstimate>
<time name="UPDATE" format="dd MMM yyyy HH:mm:ss" zone="0">26 MAY 2000 12:03:30.399</time>
</track>
<track trackId="EC141" quality="1" transit="CONSTRAINED" classification="WHEELED">
<status> <confirmed/> <extrapolated/> <screened/></status>
<normalEstimate>
<position>
<pt d="3">-1.320333 0.768785 211.11</pt>
<covMatrix nRows="2" nCols="2" type="UPPER_TRIANGULAR">
1895.411743 4596.577148 11235.771484 
</covMatrix>
</position>
<velocity vType="VECTOR">
<pt d="3">3.006308 7.340183 0.00</pt>
<covMatrix nRows="2" nCols="2" type="UPPER_TRIANGULAR">
1.551615 3.475933 8.614797 
</covMatrix>
</velocity>
</normalEstimate>
<time name="UPDATE" format="dd MMM yyyy HH:mm:ss" zone="0">26 MAY 2000 12:02:50.599</time>
</track>
<track trackId="NK473" quality="1" transit="CONSTRAINED" classification="WHEELED">
<status> <confirmed/> <extrapolated/></status>
<normalEstimate>
<position>
<pt d="3">-1.319286 0.769844 190.48</pt>
<covMatrix nRows="2" nCols="2" type="UPPER_TRIANGULAR">
1553.228149 3210.043945 7190.474121 
</covMatrix>
</position>
<velocity vType="VECTOR">
<pt d="3">15.281777 33.755177 0.00</pt>
<covMatrix nRows="2" nCols="2" type="UPPER_TRIANGULAR">
7.271884 13.854450 31.602064 
</covMatrix>
</velocity>
</normalEstimate>
<time name="UPDATE" format="dd MMM yyyy HH:mm:ss" zone="0">26 MAY 2000 12:03:30.199</time>
</track>
<track trackId="QC506" quality="1" transit="CONSTRAINED" classification="WHEELED">
<status> <confirmed/> <extrapolated/></status>
<normalEstimate>
<position>
<pt d="3">-1.319307 0.769808 193.32</pt>
<covMatrix nRows="2" nCols="2" type="UPPER_TRIANGULAR">
1305.378662 2662.581299 5981.210449 
</covMatrix>
</position>
<velocity vType="VECTOR">
<pt d="3">13.105978 28.949158 0.00</pt>
<covMatrix nRows="2" nCols="2" type="UPPER_TRIANGULAR">
35.680450 76.604752 170.208145 
</covMatrix>
</velocity>
</normalEstimate>
<time name="UPDATE" format="dd MMM yyyy HH:mm:ss" zone="0">26 MAY 2000 12:03:40.200</time>
</track>
<track trackId="GS711" quality="1" transit="CONSTRAINED" classification="WHEELED">
<status> <confirmed/> <extrapolated/></status>
<normalEstimate>
<position>
<pt d="3">-1.318791 0.768808 224.07</pt>
<covMatrix nRows="2" nCols="2" type="UPPER_TRIANGULAR">
126295.593750 197229.328125 308346.875000 
</covMatrix>
</position>
<velocity vType="VECTOR">
<pt d="3">10.747007 16.796345 0.00</pt>
<covMatrix nRows="2" nCols="2" type="UPPER_TRIANGULAR">
234.480301 364.903351 571.302002 
</covMatrix>
</velocity>
</normalEstimate>
<time name="UPDATE" format="dd MMM yyyy HH:mm:ss" zone="0">26 MAY 2000 12:03:10.200</time>
</track>
<track trackId="37345" quality="1" transit="CONSTRAINED" classification="WHEELED">
<status> <confirmed/> <extrapolated/></status>
<normalEstimate>
<position>
<pt d="3">-1.320397 0.768830 209.85</pt>
<covMatrix nRows="2" nCols="2" type="UPPER_TRIANGULAR">
5488.335449 -4682.985840 4005.062988 
</covMatrix>
</position>
<velocity vType="VECTOR">
<pt d="3">-3.971151 3.391738 0.00</pt>
<covMatrix nRows="2" nCols="2" type="UPPER_TRIANGULAR">
18.494055 -15.749962 13.505467 
</covMatrix>
</velocity>
</normalEstimate>
<time name="UPDATE" format="dd MMM yyyy HH:mm:ss" zone="0">26 MAY 2000 12:03:20.599</time>
</track>
<track trackId="K7461" quality="1" transit="CONSTRAINED" classification="WHEELED">
<status> <confirmed/> <extrapolated/></status>
<normalEstimate>
<position>
<pt d="3">-1.320938 0.768539 196.83</pt>
<covMatrix nRows="2" nCols="2" type="UPPER_TRIANGULAR">
1351.025635 2726.729980 5601.366211 
</covMatrix>
</position>
<velocity vType="VECTOR">
<pt d="3">4.389014 8.985333 0.00</pt>
<covMatrix nRows="2" nCols="2" type="UPPER_TRIANGULAR">
2.219227 4.151930 8.691126 
</covMatrix>
</velocity>
</normalEstimate>
<time name="UPDATE" format="dd MMM yyyy HH:mm:ss" zone="0">26 MAY 2000 12:03:10.800</time>
</track>
<track trackId="DG677" quality="1" transit="CONSTRAINED" classification="WHEELED">
<status> <confirmed/> <extrapolated/></status>
<normalEstimate>
<position>
<pt d="3">-1.319383 0.769108 218.91</pt>
<covMatrix nRows="2" nCols="2" type="UPPER_TRIANGULAR">
702.708862 812.841125 1196.013184 
</covMatrix>
</position>
<velocity vType="VECTOR">
<pt d="3">20.957350 28.260359 0.00</pt>
<covMatrix nRows="2" nCols="2" type="UPPER_TRIANGULAR">
9.640829 11.652963 16.712883 
</covMatrix>
</velocity>
</normalEstimate>
<time name="UPDATE" format="dd MMM yyyy HH:mm:ss" zone="0">26 MAY 2000 12:03:40.200</time>
</track>
<track trackId="J4203" quality="1" transit="CONSTRAINED" classification="WHEELED">
<status> <confirmed/> <extrapolated/></status>
<normalEstimate>
<position>
<pt d="3">-1.319181 0.769611 211.27</pt>
<covMatrix nRows="2" nCols="2" type="UPPER_TRIANGULAR">
11625.607422 17907.871094 27923.738281 
</covMatrix>
</position>
<velocity vType="VECTOR">
<pt d="3">7.829937 12.165565 0.00</pt>
<covMatrix nRows="2" nCols="2" type="UPPER_TRIANGULAR">
17.424530 25.521702 40.652081 
</covMatrix>
</velocity>
</normalEstimate>
<time name="UPDATE" format="dd MMM yyyy HH:mm:ss" zone="0">26 MAY 2000 12:03:10.200</time>
</track>
<track trackId="WD304" quality="1" transit="CONSTRAINED" classification="WHEELED">
<status> <confirmed/> <extrapolated/></status>
<normalEstimate>
<position>
<pt d="3">-1.319264 0.769672 210.15</pt>
<covMatrix nRows="2" nCols="2" type="UPPER_TRIANGULAR">
5921.060059 2718.968262 1369.999390 
</covMatrix>
</position>
<velocity vType="VECTOR">
<pt d="3">19.150854 8.945192 0.00</pt>
<covMatrix nRows="2" nCols="2" type="UPPER_TRIANGULAR">
168.453156 78.215904 37.533886 
</covMatrix>
</velocity>
</normalEstimate>
<time name="UPDATE" format="dd MMM yyyy HH:mm:ss" zone="0">26 MAY 2000 12:03:40.200</time>
</track>
<track trackId="NT507" quality="1" transit="CONSTRAINED" classification="WHEELED">
<status> <confirmed/> <extrapolated/> <screened/></status>
<normalEstimate>
<position>
<pt d="3">-1.319656 0.769447 203.35</pt>
<covMatrix nRows="2" nCols="2" type="UPPER_TRIANGULAR">
3945.252930 2661.093506 1912.610229 
</covMatrix>
</position>
<velocity vType="VECTOR">
<pt d="3">21.246620 14.628950 0.00</pt>
<covMatrix nRows="2" nCols="2" type="UPPER_TRIANGULAR">
111.995636 76.559090 53.516937 
</covMatrix>
</velocity>
</normalEstimate>
<time name="UPDATE" format="dd MMM yyyy HH:mm:ss" zone="0">26 MAY 2000 12:03:40.200</time>
</track>
<track trackId="LL753" quality="1" transit="CONSTRAINED" classification="WHEELED">
<status> <confirmed/> <extrapolated/></status>
<normalEstimate>
<position>
<pt d="3">-1.320429 0.768890 206.97</pt>
<covMatrix nRows="2" nCols="2" type="UPPER_TRIANGULAR">
189.964233 370.420624 785.752075 
</covMatrix>
</position>
<velocity vType="VECTOR">
<pt d="3">3.732299 7.791025 0.00</pt>
<covMatrix nRows="2" nCols="2" type="UPPER_TRIANGULAR">
0.912185 1.642928 3.554685 
</covMatrix>
</velocity>
</normalEstimate>
<time name="UPDATE" format="dd MMM yyyy HH:mm:ss" zone="0">26 MAY 2000 12:03:30.599</time>
</track>
<track trackId="5A374" quality="1" transit="CONSTRAINED" classification="WHEELED">
<status> <confirmed/> <extrapolated/></status>
<normalEstimate>
<position>
<pt d="3">-1.319264 0.769672 210.16</pt>
<covMatrix nRows="2" nCols="2" type="UPPER_TRIANGULAR">
45471.667969 21192.703125 9998.916992 
</covMatrix>
</position>
<velocity vType="VECTOR">
<pt d="3">19.057220 8.901458 0.00</pt>
<covMatrix nRows="2" nCols="2" type="UPPER_TRIANGULAR">
332.628571 154.900787 73.352707 
</covMatrix>
</velocity>
</normalEstimate>
<time name="UPDATE" format="dd MMM yyyy HH:mm:ss" zone="0">26 MAY 2000 12:03:30.199</time>
</track>
<track trackId="P1523" quality="1" transit="CONSTRAINED" classification="WHEELED">
<status> <confirmed/> <extrapolated/></status>
<normalEstimate>
<position>
<pt d="3">-1.320253 0.769860 180.56</pt>
<covMatrix nRows="2" nCols="2" type="UPPER_TRIANGULAR">
14601.741211 23820.070312 39225.960938 
</covMatrix>
</position>
<velocity vType="VECTOR">
<pt d="3">13.403189 22.015591 0.00</pt>
<covMatrix nRows="2" nCols="2" type="UPPER_TRIANGULAR">
109.136856 177.622040 292.755280 
</covMatrix>
</velocity>
</normalEstimate>
<time name="UPDATE" format="dd MMM yyyy HH:mm:ss" zone="0">26 MAY 2000 12:03:30.399</time>
</track>
<track trackId="1T013" quality="1" transit="UNCONSTRAINED" type="FLIER" classification="WHEELED">
<status> <confirmed/> <dropped/> <extrapolated/></status>
<normalEstimate>
<position>
<pt d="3">-1.320412 0.768511 177.17</pt>
<covMatrix nRows="2" nCols="2" type="UPPER_TRIANGULAR">
46935760.000000 8668165.000000 15990178.000000 
</covMatrix>
</position>
<velocity vType="VECTOR">
<pt d="3">-6.360190 -50.500164 0.00</pt>
<covMatrix nRows="2" nCols="2" type="UPPER_TRIANGULAR">
43091.175781 5460.545410 23596.880859 
</covMatrix>
</velocity>
</normalEstimate>
<time name="UPDATE" format="dd MMM yyyy HH:mm:ss" zone="0">26 MAY 2000 12:03:10.600</time>
</track>
<track trackId="30220" quality="1" transit="UNCONSTRAINED" type="FLIER" classification="WHEELED">
<status> <confirmed/> <dropped/> <extrapolated/></status>
<normalEstimate>
<position>
<pt d="3">-1.320700 0.769191 173.59</pt>
<covMatrix nRows="2" nCols="2" type="UPPER_TRIANGULAR">
47610712.000000 8540989.000000 16104975.000000 
</covMatrix>
</position>
<velocity vType="VECTOR">
<pt d="3">-32.943264 -62.189602 0.00</pt>
<covMatrix nRows="2" nCols="2" type="UPPER_TRIANGULAR">
43278.515625 5326.817383 23629.115234 
</covMatrix>
</velocity>
</normalEstimate>
<time name="UPDATE" format="dd MMM yyyy HH:mm:ss" zone="0">26 MAY 2000 12:03:10.400</time>
</track>
<track trackId="3W351" quality="1" transit="UNCONSTRAINED" type="FLIER" classification="WHEELED">
<status> <confirmed/> <dropped/> <extrapolated/></status>
<normalEstimate>
<position>
<pt d="3">-1.320460 0.769600 176.56</pt>
<covMatrix nRows="2" nCols="2" type="UPPER_TRIANGULAR">
47745492.000000 8297064.000000 15975856.000000 
</covMatrix>
</position>
<velocity vType="VECTOR">
<pt d="3">-23.660946 -38.864830 0.00</pt>
<covMatrix nRows="2" nCols="2" type="UPPER_TRIANGULAR">
43362.984375 5174.687500 23548.998047 
</covMatrix>
</velocity>
</normalEstimate>
<time name="UPDATE" format="dd MMM yyyy HH:mm:ss" zone="0">26 MAY 2000 12:03:10.400</time>
</track>
<track trackId="BF650" quality="1" transit="UNCONSTRAINED" type="FLIER" classification="WHEELED">
<status> <confirmed/></status>
<normalEstimate>
<position>
<pt d="3">-1.320388 0.768826 209.17</pt>
<covMatrix nRows="2" nCols="2" type="UPPER_TRIANGULAR">
22.491547 -71.078888 381.642914 
</covMatrix>
</position>
<velocity vType="VECTOR">
<pt d="3">22.877295 -52.116856 0.00</pt>
<covMatrix nRows="2" nCols="2" type="UPPER_TRIANGULAR">
21556.234375 4110.980469 784.044434 
</covMatrix>
</velocity>
</normalEstimate>
<truth id="unknown" application="unknown">
 <acceleration>
<pt d="3">0.000000 0.000000 0.00</pt>
</acceleration>
<position>
<pt d="3">-1.320386 0.768823 208.48</pt>
</position>
<velocity vType="VECTOR">
<pt d="3">1.650000 -22.080000 0.83</pt>
</velocity>
</truth>
<time name="UPDATE" format="dd MMM yyyy HH:mm:ss" zone="0">26 MAY 2000 12:03:50.599</time>
</track>
<track trackId="E4434" quality="1" transit="UNCONSTRAINED" type="FLIER" classification="WHEELED">
<status> <confirmed/> <dropped/> <extrapolated/></status>
<normalEstimate>
<position>
<pt d="3">-1.320614 0.769567 192.55</pt>
<covMatrix nRows="2" nCols="2" type="UPPER_TRIANGULAR">
47722932.000000 8339006.500000 15997751.000000 
</covMatrix>
</position>
<velocity vType="VECTOR">
<pt d="3">-37.570732 -38.964760 0.00</pt>
<covMatrix nRows="2" nCols="2" type="UPPER_TRIANGULAR">
43348.867188 5200.845703 23562.605469 
</covMatrix>
</velocity>
</normalEstimate>
<time name="UPDATE" format="dd MMM yyyy HH:mm:ss" zone="0">26 MAY 2000 12:03:10.400</time>
</track>
<track trackId="EM044" quality="1" transit="UNCONSTRAINED" type="FLIER" classification="WHEELED">
<status> <confirmed/> <dropped/> <extrapolated/></status>
<normalEstimate>
<position>
<pt d="3">-1.320743 0.769253 174.54</pt>
<covMatrix nRows="2" nCols="2" type="UPPER_TRIANGULAR">
46962680.000000 8643447.000000 15978135.000000 
</covMatrix>
</position>
<velocity vType="VECTOR">
<pt d="3">-15.163984 -44.020889 0.00</pt>
<covMatrix nRows="2" nCols="2" type="UPPER_TRIANGULAR">
43109.230469 5444.975098 23590.388672 
</covMatrix>
</velocity>
</normalEstimate>
<time name="UPDATE" format="dd MMM yyyy HH:mm:ss" zone="0">26 MAY 2000 12:03:10.600</time>
</track>
<track trackId="PD315" quality="1" transit="UNCONSTRAINED" type="FLIER" classification="WHEELED">
<status> <confirmed/> <dropped/> <extrapolated/></status>
<normalEstimate>
<position>
<pt d="3">-1.320706 0.769884 254.00</pt>
<covMatrix nRows="2" nCols="2" type="UPPER_TRIANGULAR">
47584116.000000 8589262.000000 16131198.000000 
</covMatrix>
</position>
<velocity vType="VECTOR">
<pt d="3">-25.422558 50.374439 0.00</pt>
<covMatrix nRows="2" nCols="2" type="UPPER_TRIANGULAR">
43261.902344 5356.923828 23645.443359 
</covMatrix>
</velocity>
</normalEstimate>
<time name="UPDATE" format="dd MMM yyyy HH:mm:ss" zone="0">26 MAY 2000 12:03:10.400</time>
</track>
<track trackId="KQ071" quality="1" transit="UNCONSTRAINED" type="FLIER" classification="WHEELED">
<status> <confirmed/> <extrapolated/></status>
<normalEstimate>
<position>
<pt d="3">-1.320835 0.768299 179.80</pt>
<covMatrix nRows="2" nCols="2" type="UPPER_TRIANGULAR">
9608552.000000 2027621.625000 2004099.250000 
</covMatrix>
</position>
<velocity vType="VECTOR">
<pt d="3">31.197676 -35.659584 0.00</pt>
<covMatrix nRows="2" nCols="2" type="UPPER_TRIANGULAR">
32036.757812 5255.421387 12326.666016 
</covMatrix>
</velocity>
</normalEstimate>
<time name="UPDATE" format="dd MMM yyyy HH:mm:ss" zone="0">26 MAY 2000 12:03:30.799</time>
</track>
<track trackId="KJ364" quality="1" transit="UNCONSTRAINED" type="FLIER" classification="WHEELED">
<status> <confirmed/> <extrapolated/></status>
<normalEstimate>
<position>
<pt d="3">-1.320572 0.769178 157.44</pt>
<covMatrix nRows="2" nCols="2" type="UPPER_TRIANGULAR">
24900026.000000 4524574.500000 6871438.500000 
</covMatrix>
</position>
<velocity vType="VECTOR">
<pt d="3">-23.243601 -83.272980 0.00</pt>
<covMatrix nRows="2" nCols="2" type="UPPER_TRIANGULAR">
38146.878906 5013.146484 18171.527344 
</covMatrix>
</velocity>
</normalEstimate>
<time name="UPDATE" format="dd MMM yyyy HH:mm:ss" zone="0">26 MAY 2000 12:03:20.399</time>
</track>
<track trackId="JP122" quality="1" transit="UNCONSTRAINED" type="FLIER" classification="WHEELED">
<status> <confirmed/> <extrapolated/></status>
<normalEstimate>
<position>
<pt d="3">-1.320700 0.768863 230.81</pt>
<covMatrix nRows="2" nCols="2" type="UPPER_TRIANGULAR">
2209499.250000 445604.593750 237580.046875 
</covMatrix>
</position>
<velocity vType="VECTOR">
<pt d="3">-44.699776 29.412313 0.00</pt>
<covMatrix nRows="2" nCols="2" type="UPPER_TRIANGULAR">
26053.785156 4600.506836 5695.313965 
</covMatrix>
</velocity>
</normalEstimate>
<time name="UPDATE" format="dd MMM yyyy HH:mm:ss" zone="0">26 MAY 2000 12:03:40.600</time>
</track>
<track trackId="ZP316" quality="1" transit="UNCONSTRAINED" type="FLIER" classification="WHEELED">
<status> <confirmed/> <extrapolated/></status>
<normalEstimate>
<position>
<pt d="3">-1.320578 0.769847 194.86</pt>
<covMatrix nRows="2" nCols="2" type="UPPER_TRIANGULAR">
2315833.750000 441103.687500 241978.781250 
</covMatrix>
</position>
<velocity vType="VECTOR">
<pt d="3">-16.411293 46.029331 0.00</pt>
<covMatrix nRows="2" nCols="2" type="UPPER_TRIANGULAR">
26296.013672 4374.425781 5729.591797 
</covMatrix>
</velocity>
</normalEstimate>
<time name="UPDATE" format="dd MMM yyyy HH:mm:ss" zone="0">26 MAY 2000 12:03:40.400</time>
</track>
<track trackId="1G332" quality="1" transit="UNCONSTRAINED" type="FLIER" classification="WHEELED">
<status> <confirmed/> <extrapolated/></status>
<normalEstimate>
<position>
<pt d="3">-1.320635 0.769646 204.20</pt>
<covMatrix nRows="2" nCols="2" type="UPPER_TRIANGULAR">
2314851.000000 443020.343750 242793.671875 
</covMatrix>
</position>
<velocity vType="VECTOR">
<pt d="3">-53.346897 26.005243 0.00</pt>
<covMatrix nRows="2" nCols="2" type="UPPER_TRIANGULAR">
26286.091797 4393.433105 5737.498047 
</covMatrix>
</velocity>
</normalEstimate>
<time name="UPDATE" format="dd MMM yyyy HH:mm:ss" zone="0">26 MAY 2000 12:03:40.400</time>
</track>
<track trackId="ZX332" quality="1" transit="UNCONSTRAINED" type="FLIER" classification="WHEELED">
<status> <confirmed/> <extrapolated/></status>
<normalEstimate>
<position>
<pt d="3">-1.320036 0.770022 172.77</pt>
<covMatrix nRows="2" nCols="2" type="UPPER_TRIANGULAR">
24939910.000000 4448262.500000 6833774.000000 
</covMatrix>
</position>
<velocity vType="VECTOR">
<pt d="3">51.015282 52.908157 0.00</pt>
<covMatrix nRows="2" nCols="2" type="UPPER_TRIANGULAR">
38191.402344 4928.594238 18130.132812 
</covMatrix>
</velocity>
</normalEstimate>
<time name="UPDATE" format="dd MMM yyyy HH:mm:ss" zone="0">26 MAY 2000 12:03:20.399</time>
</track>
<track trackId="C5714" quality="1" transit="UNCONSTRAINED" type="FLIER" classification="WHEELED">
<status> <confirmed/> <extrapolated/></status>
<normalEstimate>
<position>
<pt d="3">-1.320237 0.769864 179.95</pt>
<covMatrix nRows="2" nCols="2" type="UPPER_TRIANGULAR">
2321751.500000 427052.250000 236114.109375 
</covMatrix>
</position>
<velocity vType="VECTOR">
<pt d="3">39.116203 40.567577 0.00</pt>
<covMatrix nRows="2" nCols="2" type="UPPER_TRIANGULAR">
26354.753906 4235.077637 5671.487305 
</covMatrix>
</velocity>
</normalEstimate>
<time name="UPDATE" format="dd MMM yyyy HH:mm:ss" zone="0">26 MAY 2000 12:03:40.400</time>
</track>
</trackCollection>
</tracks>
