<tracks version="KAT 1.0">
<trackCollection>
<timeInterval>
 <time name="START" format="dd MMM yyyy HH:mm:ss" zone="0">26 MAY 2000 12:02:20.800</time>
<time name="END" format="dd MMM yyyy HH:mm:ss" zone="0">26 MAY 2000 12:02:20.800</time>
</timeInterval>
<time name="AVERAGE" format="dd MMM yyyy HH:mm:ss" zone="0">26 MAY 2000 12:02:20.800</time>
<rbr halfHgt="7747.01" halfWid="7928.83" sinAng="1.000000" cosAng="0.000000">
<pt d="3">-1.319822 0.769245 0.00</pt>
</rbr>
<tracker id="KAT"></tracker>
<projection type="GEODETIC"></projection>
<track trackId="33416" quality="1" transit="CONSTRAINED" classification="WHEELED">
<status> <confirmed/></status>
<normalEstimate>
<position>
<pt d="3">-1.320132 0.768536 215.74</pt>
<covMatrix nRows="2" nCols="2" type="UPPER_TRIANGULAR">
9.919509 -1.129463 99.916122 
</covMatrix>
</position>
<velocity vType="VECTOR">
<pt d="3">-43.332191 -0.543736 0.00</pt>
<covMatrix nRows="2" nCols="2" type="UPPER_TRIANGULAR">
15.711625 0.184611 1.001620 
</covMatrix>
</velocity>
</normalEstimate>
<truth id="unknown" application="unknown">
 <acceleration>
<pt d="3">0.000000 0.000000 0.00</pt>
</acceleration>
<position>
<pt d="3">-1.320132 0.768536 215.71</pt>
</position>
<velocity vType="VECTOR">
<pt d="3">-13.220000 -0.160000 -0.34</pt>
</velocity>
</truth>
<time name="UPDATE" format="dd MMM yyyy HH:mm:ss" zone="0">26 MAY 2000 12:02:20.600</time>
</track>
<track trackId="DL075" quality="1" transit="CONSTRAINED" classification="WHEELED">
<status> <confirmed/></status>
<normalEstimate>
<position>
<pt d="3">-1.320360 0.769545 186.37</pt>
<covMatrix nRows="2" nCols="2" type="UPPER_TRIANGULAR">
101.114197 -2.136738 103.363800 
</covMatrix>
</position>
<velocity vType="VECTOR">
<pt d="3">-7.221875 11.963045 0.00</pt>
<covMatrix nRows="2" nCols="2" type="UPPER_TRIANGULAR">
2.388844 -2.303532 4.814046 
</covMatrix>
</velocity>
</normalEstimate>
<truth id="unknown" application="unknown">
 <acceleration>
<pt d="3">0.000000 0.000000 0.00</pt>
</acceleration>
<position>
<pt d="3">-1.320359 0.769544 186.03</pt>
</position>
<velocity vType="VECTOR">
<pt d="3">-5.500000 9.110000 -0.44</pt>
</velocity>
</truth>
<time name="UPDATE" format="dd MMM yyyy HH:mm:ss" zone="0">26 MAY 2000 12:02:20.400</time>
</track>
<track trackId="EM044" quality="1" transit="CONSTRAINED" classification="WHEELED">
<status> <confirmed/></status>
<normalEstimate>
<position>
<pt d="3">-1.320304 0.769675 187.70</pt>
<covMatrix nRows="2" nCols="2" type="UPPER_TRIANGULAR">
15.204153 17.001539 96.534370 
</covMatrix>
</position>
<velocity vType="VECTOR">
<pt d="3">-40.360741 8.097531 0.00</pt>
<covMatrix nRows="2" nCols="2" type="UPPER_TRIANGULAR">
12.121051 -2.231314 1.447120 
</covMatrix>
</velocity>
</normalEstimate>
<truth id="unknown" application="unknown">
 <acceleration>
<pt d="3">0.000000 0.000000 0.00</pt>
</acceleration>
<position>
<pt d="3">-1.320303 0.769675 187.58</pt>
</position>
<velocity vType="VECTOR">
<pt d="3">-17.080000 3.420000 -0.40</pt>
</velocity>
</truth>
<time name="UPDATE" format="dd MMM yyyy HH:mm:ss" zone="0">26 MAY 2000 12:02:20.400</time>
</track>
<track trackId="KJ364" quality="1" transit="CONSTRAINED" classification="WHEELED">
<status> <confirmed/></status>
<normalEstimate>
<position>
<pt d="3">-1.320055 0.769287 209.75</pt>
<covMatrix nRows="2" nCols="2" type="UPPER_TRIANGULAR">
100.815079 -1.374866 102.043388 
</covMatrix>
</position>
<velocity vType="VECTOR">
<pt d="3">-10.482471 16.163343 0.00</pt>
<covMatrix nRows="2" nCols="2" type="UPPER_TRIANGULAR">
0.716002 0.436727 0.325828 
</covMatrix>
</velocity>
</normalEstimate>
<truth id="unknown" application="unknown">
 <acceleration>
<pt d="3">0.000000 0.000000 0.00</pt>
</acceleration>
<position>
<pt d="3">-1.320058 0.769290 210.63</pt>
</position>
<velocity vType="VECTOR">
<pt d="3">-10.450000 16.110001 -0.51</pt>
</velocity>
</truth>
<time name="UPDATE" format="dd MMM yyyy HH:mm:ss" zone="0">26 MAY 2000 12:02:20.400</time>
</track>
<track trackId="KQ071" quality="1" transit="CONSTRAINED" classification="WHEELED">
<status> <confirmed/></status>
<normalEstimate>
<position>
<pt d="3">-1.320673 0.768568 209.74</pt>
<covMatrix nRows="2" nCols="2" type="UPPER_TRIANGULAR">
10.946767 5.571044 99.565880 
</covMatrix>
</position>
<velocity vType="VECTOR">
<pt d="3">-32.979984 2.065158 0.00</pt>
<covMatrix nRows="2" nCols="2" type="UPPER_TRIANGULAR">
14.043840 -0.816840 1.050297 
</covMatrix>
</velocity>
</normalEstimate>
<truth id="unknown" application="unknown">
 <acceleration>
<pt d="3">0.000000 0.000000 0.00</pt>
</acceleration>
<position>
<pt d="3">-1.320672 0.768568 209.61</pt>
</position>
<velocity vType="VECTOR">
<pt d="3">-13.630000 0.850000 -0.39</pt>
</velocity>
</truth>
<time name="UPDATE" format="dd MMM yyyy HH:mm:ss" zone="0">26 MAY 2000 12:02:20.600</time>
</track>
<track trackId="VB604" quality="1" transit="CONSTRAINED" classification="WHEELED">
<status> <confirmed/> <dropped/> <extrapolated/></status>
<normalEstimate>
<position>
<pt d="3">-1.320012 0.768525 215.37</pt>
<covMatrix nRows="2" nCols="2" type="UPPER_TRIANGULAR">
271.309631 -8205.289062 393030.156250 
</covMatrix>
</position>
<velocity vType="VECTOR">
<pt d="3">0.498241 -23.859480 0.00</pt>
<covMatrix nRows="2" nCols="2" type="UPPER_TRIANGULAR">
1.059629 -2.872601 138.561111 
</covMatrix>
</velocity>
</normalEstimate>
<time name="UPDATE" format="dd MMM yyyy HH:mm:ss" zone="0">26 MAY 2000 12:01:10.599</time>
</track>
<track trackId="1T013" quality="1" transit="CONSTRAINED" classification="WHEELED">
<status> <confirmed/> <extrapolated/></status>
<normalEstimate>
<position>
<pt d="3">-1.319674 0.768951 214.75</pt>
<covMatrix nRows="2" nCols="2" type="UPPER_TRIANGULAR">
493.227661 3206.893799 21023.300781 
</covMatrix>
</position>
<velocity vType="VECTOR">
<pt d="3">-1.041279 -6.824986 0.00</pt>
<covMatrix nRows="2" nCols="2" type="UPPER_TRIANGULAR">
0.162544 0.806083 5.322972 
</covMatrix>
</velocity>
</normalEstimate>
<time name="UPDATE" format="dd MMM yyyy HH:mm:ss" zone="0">26 MAY 2000 12:00:40.399</time>
</track>
<track trackId="74054" quality="1" transit="CONSTRAINED" classification="WHEELED">
<status> <confirmed/> <extrapolated/></status>
<normalEstimate>
<position>
<pt d="3">-1.319674 0.768951 214.68</pt>
<covMatrix nRows="2" nCols="2" type="UPPER_TRIANGULAR">
66.419144 409.409210 2687.398193 
</covMatrix>
</position>
<velocity vType="VECTOR">
<pt d="3">-1.050097 -6.882782 0.00</pt>
<covMatrix nRows="2" nCols="2" type="UPPER_TRIANGULAR">
0.101111 0.403423 2.683770 
</covMatrix>
</velocity>
</normalEstimate>
<time name="UPDATE" format="dd MMM yyyy HH:mm:ss" zone="0">26 MAY 2000 12:01:30.399</time>
</track>
<track trackId="JG664" quality="1" transit="CONSTRAINED" classification="WHEELED">
<status> <confirmed/> <extrapolated/></status>
<normalEstimate>
<position>
<pt d="3">-1.319121 0.768317 235.66</pt>
<covMatrix nRows="2" nCols="2" type="UPPER_TRIANGULAR">
70768.570312 -113336.664062 181620.625000 
</covMatrix>
</position>
<velocity vType="VECTOR">
<pt d="3">4.448177 -7.126932 0.00</pt>
<covMatrix nRows="2" nCols="2" type="UPPER_TRIANGULAR">
13.836218 -21.671272 35.032402 
</covMatrix>
</velocity>
</normalEstimate>
<time name="UPDATE" format="dd MMM yyyy HH:mm:ss" zone="0">26 MAY 2000 12:00:20.400</time>
</track>
<track trackId="34305" quality="1" transit="CONSTRAINED" classification="WHEELED">
<status> <confirmed/> <extrapolated/></status>
<normalEstimate>
<position>
<pt d="3">-1.320040 0.769649 189.53</pt>
<covMatrix nRows="2" nCols="2" type="UPPER_TRIANGULAR">
883.876160 -4190.764648 20518.423828 
</covMatrix>
</position>
<velocity vType="VECTOR">
<pt d="3">-2.695469 13.180053 0.00</pt>
<covMatrix nRows="2" nCols="2" type="UPPER_TRIANGULAR">
1.041747 -3.782539 18.763681 
</covMatrix>
</velocity>
</normalEstimate>
<time name="UPDATE" format="dd MMM yyyy HH:mm:ss" zone="0">26 MAY 2000 12:01:30.199</time>
</track>
<track trackId="F4652" quality="1" transit="CONSTRAINED" classification="WHEELED">
<status> <confirmed/> <extrapolated/></status>
<normalEstimate>
<position>
<pt d="3">-1.320043 0.768503 215.36</pt>
<covMatrix nRows="2" nCols="2" type="UPPER_TRIANGULAR">
1182.938477 -401.600952 152.715195 
</covMatrix>
</position>
<velocity vType="VECTOR">
<pt d="3">-10.876296 3.738784 0.00</pt>
<covMatrix nRows="2" nCols="2" type="UPPER_TRIANGULAR">
5.147452 -1.719060 0.737563 
</covMatrix>
</velocity>
</normalEstimate>
<time name="UPDATE" format="dd MMM yyyy HH:mm:ss" zone="0">26 MAY 2000 12:02:00.599</time>
</track>
<track trackId="AR362" quality="1" transit="CONSTRAINED" classification="WHEELED">
<status> <confirmed/> <extrapolated/></status>
<normalEstimate>
<position>
<pt d="3">-1.320303 0.769411 204.54</pt>
<covMatrix nRows="2" nCols="2" type="UPPER_TRIANGULAR">
39188.660156 22897.863281 13404.915039 
</covMatrix>
</position>
<velocity vType="VECTOR">
<pt d="3">-15.118660 -8.838132 0.00</pt>
<covMatrix nRows="2" nCols="2" type="UPPER_TRIANGULAR">
15.700459 9.066104 5.491729 
</covMatrix>
</velocity>
</normalEstimate>
<time name="UPDATE" format="dd MMM yyyy HH:mm:ss" zone="0">26 MAY 2000 12:01:00.399</time>
</track>
<track trackId="LR727" quality="1" transit="CONSTRAINED" classification="WHEELED">
<status> <confirmed/> <extrapolated/></status>
<normalEstimate>
<position>
<pt d="3">-1.320118 0.769342 212.60</pt>
<covMatrix nRows="2" nCols="2" type="UPPER_TRIANGULAR">
4891.554199 -3200.659668 2237.694336 
</covMatrix>
</position>
<velocity vType="VECTOR">
<pt d="3">-33.564327 22.419374 0.00</pt>
<covMatrix nRows="2" nCols="2" type="UPPER_TRIANGULAR">
23.244003 -14.859230 10.923319 
</covMatrix>
</velocity>
</normalEstimate>
<time name="UPDATE" format="dd MMM yyyy HH:mm:ss" zone="0">26 MAY 2000 12:02:00.399</time>
</track>
<track trackId="YZ030" quality="1" transit="CONSTRAINED" classification="WHEELED">
<status> <confirmed/> <extrapolated/></status>
<normalEstimate>
<position>
<pt d="3">-1.319958 0.768557 213.26</pt>
<covMatrix nRows="2" nCols="2" type="UPPER_TRIANGULAR">
11497.781250 -17839.419922 27700.031250 
</covMatrix>
</position>
<velocity vType="VECTOR">
<pt d="3">-3.626373 5.629559 0.00</pt>
<covMatrix nRows="2" nCols="2" type="UPPER_TRIANGULAR">
2.667824 -4.044849 6.341467 
</covMatrix>
</velocity>
</normalEstimate>
<time name="UPDATE" format="dd MMM yyyy HH:mm:ss" zone="0">26 MAY 2000 12:00:30.599</time>
</track>
<track trackId="76363" quality="1" transit="CONSTRAINED" classification="WHEELED">
<status> <confirmed/> <extrapolated/></status>
<normalEstimate>
<position>
<pt d="3">-1.320603 0.768155 213.34</pt>
<covMatrix nRows="2" nCols="2" type="UPPER_TRIANGULAR">
12039.310547 -12562.309570 13116.340820 
</covMatrix>
</position>
<velocity vType="VECTOR">
<pt d="3">3.200575 -3.340716 0.00</pt>
<covMatrix nRows="2" nCols="2" type="UPPER_TRIANGULAR">
2.760088 -2.839406 3.003525 
</covMatrix>
</velocity>
</normalEstimate>
<time name="UPDATE" format="dd MMM yyyy HH:mm:ss" zone="0">26 MAY 2000 12:00:30.799</time>
</track>
<track trackId="3W351" quality="1" transit="CONSTRAINED" classification="WHEELED">
<status> <confirmed/> <extrapolated/></status>
<normalEstimate>
<position>
<pt d="3">-1.320371 0.770177 175.00</pt>
<covMatrix nRows="2" nCols="2" type="UPPER_TRIANGULAR">
352174.625000 -242736.734375 167322.296875 
</covMatrix>
</position>
<velocity vType="VECTOR">
<pt d="3">9.395525 -6.476072 0.00</pt>
<covMatrix nRows="2" nCols="2" type="UPPER_TRIANGULAR">
130.412567 -89.816101 62.014538 
</covMatrix>
</velocity>
</normalEstimate>
<time name="UPDATE" format="dd MMM yyyy HH:mm:ss" zone="0">26 MAY 2000 12:00:50.400</time>
</track>
<track trackId="2D352" quality="1" transit="CONSTRAINED" classification="WHEELED">
<status> <confirmed/> <extrapolated/></status>
<normalEstimate>
<position>
<pt d="3">-1.318858 0.769202 214.34</pt>
<covMatrix nRows="2" nCols="2" type="UPPER_TRIANGULAR">
4236.287109 5813.996582 8272.146484 
</covMatrix>
</position>
<velocity vType="VECTOR">
<pt d="3">22.247128 31.270601 0.00</pt>
<covMatrix nRows="2" nCols="2" type="UPPER_TRIANGULAR">
16.514433 21.807360 31.652288 
</covMatrix>
</velocity>
</normalEstimate>
<time name="UPDATE" format="dd MMM yyyy HH:mm:ss" zone="0">26 MAY 2000 12:02:00.199</time>
</track>
<track trackId="G4732" quality="1" transit="CONSTRAINED" classification="WHEELED">
<status> <confirmed/> <extrapolated/> <screened/></status>
<normalEstimate>
<position>
<pt d="3">-1.319769 0.768271 220.93</pt>
<covMatrix nRows="2" nCols="2" type="UPPER_TRIANGULAR">
6.784203 -193.308365 16945.638672 
</covMatrix>
</position>
<velocity vType="VECTOR">
<pt d="3">-0.084125 7.372497 0.00</pt>
<covMatrix nRows="2" nCols="2" type="UPPER_TRIANGULAR">
0.046495 -0.062294 5.505113 
</covMatrix>
</velocity>
</normalEstimate>
<time name="UPDATE" format="dd MMM yyyy HH:mm:ss" zone="0">26 MAY 2000 12:00:50.400</time>
</track>
<track trackId="DA441" quality="1" transit="CONSTRAINED" classification="WHEELED">
<status> <confirmed/> <extrapolated/> <screened/></status>
<normalEstimate>
<position>
<pt d="3">-1.320422 0.768944 204.98</pt>
<covMatrix nRows="2" nCols="2" type="UPPER_TRIANGULAR">
1882.092041 1187.362305 757.492859 
</covMatrix>
</position>
<velocity vType="VECTOR">
<pt d="3">-8.521724 -5.393369 0.00</pt>
<covMatrix nRows="2" nCols="2" type="UPPER_TRIANGULAR">
2.626955 1.624519 1.088307 
</covMatrix>
</velocity>
</normalEstimate>
<time name="UPDATE" format="dd MMM yyyy HH:mm:ss" zone="0">26 MAY 2000 12:01:40.600</time>
</track>
<track trackId="ZB353" quality="1" transit="CONSTRAINED" classification="WHEELED">
<status> <confirmed/> <extrapolated/></status>
<normalEstimate>
<position>
<pt d="3">-1.319932 0.769146 204.20</pt>
<covMatrix nRows="2" nCols="2" type="UPPER_TRIANGULAR">
16519.759766 -24625.890625 37032.519531 
</covMatrix>
</position>
<velocity vType="VECTOR">
<pt d="3">14.557029 -21.831936 0.00</pt>
<covMatrix nRows="2" nCols="2" type="UPPER_TRIANGULAR">
123.593224 -183.862686 276.746307 
</covMatrix>
</velocity>
</normalEstimate>
<time name="UPDATE" format="dd MMM yyyy HH:mm:ss" zone="0">26 MAY 2000 12:02:00.399</time>
</track>
<track trackId="4N415" quality="1" transit="CONSTRAINED" classification="WHEELED">
<status> <confirmed/> <extrapolated/></status>
<normalEstimate>
<position>
<pt d="3">-1.320209 0.769908 178.28</pt>
<covMatrix nRows="2" nCols="2" type="UPPER_TRIANGULAR">
45144.335938 51037.929688 57929.011719 
</covMatrix>
</position>
<velocity vType="VECTOR">
<pt d="3">-22.095753 -25.035805 0.00</pt>
<covMatrix nRows="2" nCols="2" type="UPPER_TRIANGULAR">
60.969414 67.949028 77.990211 
</covMatrix>
</velocity>
</normalEstimate>
<time name="UPDATE" format="dd MMM yyyy HH:mm:ss" zone="0">26 MAY 2000 12:01:50.200</time>
</track>
<track trackId="5L166" quality="1" transit="CONSTRAINED" classification="WHEELED">
<status> <confirmed/> <extrapolated/></status>
<normalEstimate>
<position>
<pt d="3">-1.319866 0.769549 196.54</pt>
<covMatrix nRows="2" nCols="2" type="UPPER_TRIANGULAR">
165270.328125 318112.062500 612460.187500 
</covMatrix>
</position>
<velocity vType="VECTOR">
<pt d="3">-5.373274 -10.344579 0.00</pt>
<covMatrix nRows="2" nCols="2" type="UPPER_TRIANGULAR">
100.827393 193.463104 372.790497 
</covMatrix>
</velocity>
</normalEstimate>
<time name="UPDATE" format="dd MMM yyyy HH:mm:ss" zone="0">26 MAY 2000 12:01:10.199</time>
</track>
<track trackId="PD315" quality="1" transit="CONSTRAINED" classification="WHEELED">
<status> <confirmed/> <extrapolated/></status>
<normalEstimate>
<position>
<pt d="3">-1.320218 0.769387 204.74</pt>
<covMatrix nRows="2" nCols="2" type="UPPER_TRIANGULAR">
1211538.125000 -1151986.500000 1095552.250000 
</covMatrix>
</position>
<velocity vType="VECTOR">
<pt d="3">-26.582111 25.277586 0.00</pt>
<covMatrix nRows="2" nCols="2" type="UPPER_TRIANGULAR">
737.546021 -700.400269 667.027344 
</covMatrix>
</velocity>
</normalEstimate>
<time name="UPDATE" format="dd MMM yyyy HH:mm:ss" zone="0">26 MAY 2000 12:01:10.399</time>
</track>
<track trackId="3D432" quality="1" transit="CONSTRAINED" classification="WHEELED">
<status> <confirmed/> <extrapolated/> <screened/></status>
<normalEstimate>
<position>
<pt d="3">-1.319507 0.768262 237.15</pt>
<covMatrix nRows="2" nCols="2" type="UPPER_TRIANGULAR">
2573.518066 -777.565979 239.190247 
</covMatrix>
</position>
<velocity vType="VECTOR">
<pt d="3">5.615695 -1.699308 0.00</pt>
<covMatrix nRows="2" nCols="2" type="UPPER_TRIANGULAR">
2.514140 -0.748980 0.265631 
</covMatrix>
</velocity>
</normalEstimate>
<time name="UPDATE" format="dd MMM yyyy HH:mm:ss" zone="0">26 MAY 2000 12:01:30.399</time>
</track>
<track trackId="AQ473" quality="1" transit="CONSTRAINED" classification="WHEELED">
<status> <confirmed/> <extrapolated/></status>
<normalEstimate>
<position>
<pt d="3">-1.319065 0.769164 215.52</pt>
<covMatrix nRows="2" nCols="2" type="UPPER_TRIANGULAR">
380.590851 -1263.692749 4413.047852 
</covMatrix>
</position>
<velocity vType="VECTOR">
<pt d="3">-2.799577 9.738306 0.00</pt>
<covMatrix nRows="2" nCols="2" type="UPPER_TRIANGULAR">
0.827840 -2.277742 8.096140 
</covMatrix>
</velocity>
</normalEstimate>
<time name="UPDATE" format="dd MMM yyyy HH:mm:ss" zone="0">26 MAY 2000 12:01:40.199</time>
</track>
<track trackId="EA521" quality="1" transit="CONSTRAINED" classification="WHEELED">
<status> <confirmed/> <extrapolated/></status>
<normalEstimate>
<position>
<pt d="3">-1.319770 0.769453 204.14</pt>
<covMatrix nRows="2" nCols="2" type="UPPER_TRIANGULAR">
39171.218750 -76440.273438 149648.953125 
</covMatrix>
</position>
<velocity vType="VECTOR">
<pt d="3">9.980871 -19.526772 0.00</pt>
<covMatrix nRows="2" nCols="2" type="UPPER_TRIANGULAR">
31.875763 -60.411636 119.187599 
</covMatrix>
</velocity>
</normalEstimate>
<time name="UPDATE" format="dd MMM yyyy HH:mm:ss" zone="0">26 MAY 2000 12:01:40.199</time>
</track>
<track trackId="4Q724" quality="1" transit="CONSTRAINED" classification="WHEELED">
<status> <confirmed/> <extrapolated/></status>
<normalEstimate>
<position>
<pt d="3">-1.318757 0.769257 213.79</pt>
<covMatrix nRows="2" nCols="2" type="UPPER_TRIANGULAR">
22552.218750 3040.390137 511.663452 
</covMatrix>
</position>
<velocity vType="VECTOR">
<pt d="3">38.445950 5.206185 0.00</pt>
<covMatrix nRows="2" nCols="2" type="UPPER_TRIANGULAR">
49.403454 6.554660 1.887072 
</covMatrix>
</velocity>
</normalEstimate>
<time name="UPDATE" format="dd MMM yyyy HH:mm:ss" zone="0">26 MAY 2000 12:01:50.200</time>
</track>
<track trackId="LR040" quality="1" transit="CONSTRAINED" classification="WHEELED">
<status> <confirmed/> <extrapolated/></status>
<normalEstimate>
<position>
<pt d="3">-1.320131 0.769348 211.87</pt>
<covMatrix nRows="2" nCols="2" type="UPPER_TRIANGULAR">
11864.393555 -7858.183594 5348.698730 
</covMatrix>
</position>
<velocity vType="VECTOR">
<pt d="3">-27.355440 18.272133 0.00</pt>
<covMatrix nRows="2" nCols="2" type="UPPER_TRIANGULAR">
122.669151 -81.270500 55.282883 
</covMatrix>
</velocity>
</normalEstimate>
<time name="UPDATE" format="dd MMM yyyy HH:mm:ss" zone="0">26 MAY 2000 12:02:10.400</time>
</track>
<track trackId="W1650" quality="1" transit="CONSTRAINED" classification="WHEELED">
<status> <confirmed/> <extrapolated/></status>
<normalEstimate>
<position>
<pt d="3">-1.320365 0.770131 179.60</pt>
<covMatrix nRows="2" nCols="2" type="UPPER_TRIANGULAR">
13597.731445 21515.363281 34082.371094 
</covMatrix>
</position>
<velocity vType="VECTOR">
<pt d="3">-5.398097 -8.548295 0.00</pt>
<covMatrix nRows="2" nCols="2" type="UPPER_TRIANGULAR">
25.542553 40.271832 63.885098 
</covMatrix>
</velocity>
</normalEstimate>
<time name="UPDATE" format="dd MMM yyyy HH:mm:ss" zone="0">26 MAY 2000 12:01:40.400</time>
</track>
<track trackId="NJ053" quality="1" transit="CONSTRAINED" classification="WHEELED">
<status> <confirmed/> <extrapolated/></status>
<normalEstimate>
<position>
<pt d="3">-1.320226 0.769660 187.70</pt>
<covMatrix nRows="2" nCols="2" type="UPPER_TRIANGULAR">
1.654310 4.816521 15.578751 
</covMatrix>
</position>
<velocity vType="VECTOR">
<pt d="3">-0.256866 -0.822786 0.00</pt>
<covMatrix nRows="2" nCols="2" type="UPPER_TRIANGULAR">
0.006399 0.015673 0.051709 
</covMatrix>
</velocity>
</normalEstimate>
<time name="UPDATE" format="dd MMM yyyy HH:mm:ss" zone="0">26 MAY 2000 12:01:50.400</time>
</track>
<track trackId="5E461" quality="1" transit="CONSTRAINED" classification="WHEELED">
<status> <confirmed/> <extrapolated/> <screened/></status>
<normalEstimate>
<position>
<pt d="3">-1.319503 0.768262 236.59</pt>
<covMatrix nRows="2" nCols="2" type="UPPER_TRIANGULAR">
6771.995605 -2048.024170 623.630493 
</covMatrix>
</position>
<velocity vType="VECTOR">
<pt d="3">6.122079 -1.852539 0.00</pt>
<covMatrix nRows="2" nCols="2" type="UPPER_TRIANGULAR">
5.417740 -1.627609 0.531504 
</covMatrix>
</velocity>
</normalEstimate>
<time name="UPDATE" format="dd MMM yyyy HH:mm:ss" zone="0">26 MAY 2000 12:01:40.400</time>
</track>
<track trackId="KM562" quality="1" transit="CONSTRAINED" classification="WHEELED">
<status> <confirmed/> <extrapolated/></status>
<normalEstimate>
<position>
<pt d="3">-1.320365 0.770118 178.82</pt>
<covMatrix nRows="2" nCols="2" type="UPPER_TRIANGULAR">
7.196340 -47.475895 397.098083 
</covMatrix>
</position>
<velocity vType="VECTOR">
<pt d="3">0.504024 -4.199848 0.00</pt>
<covMatrix nRows="2" nCols="2" type="UPPER_TRIANGULAR">
0.025440 -0.087098 0.740746 
</covMatrix>
</velocity>
</normalEstimate>
<time name="UPDATE" format="dd MMM yyyy HH:mm:ss" zone="0">26 MAY 2000 12:01:40.400</time>
</track>
<track trackId="K6041" quality="1" transit="CONSTRAINED" classification="WHEELED">
<status> <confirmed/> <extrapolated/></status>
<normalEstimate>
<position>
<pt d="3">-1.320043 0.769659 189.10</pt>
<covMatrix nRows="2" nCols="2" type="UPPER_TRIANGULAR">
1983.533813 -9567.766602 46810.386719 
</covMatrix>
</position>
<velocity vType="VECTOR">
<pt d="3">-3.200948 15.651691 0.00</pt>
<covMatrix nRows="2" nCols="2" type="UPPER_TRIANGULAR">
6.738986 -31.640366 154.980270 
</covMatrix>
</velocity>
</normalEstimate>
<time name="UPDATE" format="dd MMM yyyy HH:mm:ss" zone="0">26 MAY 2000 12:01:50.400</time>
</track>
<track trackId="AJ766" quality="1" transit="CONSTRAINED" classification="WHEELED">
<status> <confirmed/> <extrapolated/></status>
<normalEstimate>
<position>
<pt d="3">-1.320005 0.769228 208.03</pt>
<covMatrix nRows="2" nCols="2" type="UPPER_TRIANGULAR">
106.110497 58.958282 33.375031 
</covMatrix>
</position>
<velocity vType="VECTOR">
<pt d="3">-1.624388 -0.906577 0.00</pt>
<covMatrix nRows="2" nCols="2" type="UPPER_TRIANGULAR">
0.186812 0.101637 0.061425 
</covMatrix>
</velocity>
</normalEstimate>
<time name="UPDATE" format="dd MMM yyyy HH:mm:ss" zone="0">26 MAY 2000 12:01:40.400</time>
</track>
<track trackId="NS067" quality="1" transit="CONSTRAINED" classification="WHEELED">
<status> <confirmed/> <extrapolated/></status>
<normalEstimate>
<position>
<pt d="3">-1.320442 0.769554 187.62</pt>
<covMatrix nRows="2" nCols="2" type="UPPER_TRIANGULAR">
47296.886719 23414.341797 11715.827148 
</covMatrix>
</position>
<velocity vType="VECTOR">
<pt d="3">-24.278002 -12.044297 0.00</pt>
<covMatrix nRows="2" nCols="2" type="UPPER_TRIANGULAR">
331.556091 163.988663 82.354561 
</covMatrix>
</velocity>
</normalEstimate>
<time name="UPDATE" format="dd MMM yyyy HH:mm:ss" zone="0">26 MAY 2000 12:02:00.399</time>
</track>
<track trackId="LK333" quality="1" transit="CONSTRAINED" classification="WHEELED">
<status> <confirmed/> <extrapolated/></status>
<normalEstimate>
<position>
<pt d="3">-1.320879 0.769073 206.97</pt>
<covMatrix nRows="2" nCols="2" type="UPPER_TRIANGULAR">
14.306168 -91.561356 829.948059 
</covMatrix>
</position>
<velocity vType="VECTOR">
<pt d="3">0.429410 -3.872862 0.00</pt>
<covMatrix nRows="2" nCols="2" type="UPPER_TRIANGULAR">
0.064758 -0.209390 1.930032 
</covMatrix>
</velocity>
</normalEstimate>
<time name="UPDATE" format="dd MMM yyyy HH:mm:ss" zone="0">26 MAY 2000 12:01:50.600</time>
</track>
<track trackId="HP042" quality="1" transit="CONSTRAINED" classification="WHEELED">
<status> <confirmed/> <extrapolated/> <screened/></status>
<normalEstimate>
<position>
<pt d="3">-1.320255 0.768959 200.88</pt>
<covMatrix nRows="2" nCols="2" type="UPPER_TRIANGULAR">
1086.733154 693.440369 446.545746 
</covMatrix>
</position>
<velocity vType="VECTOR">
<pt d="3">-2.941228 -1.881784 0.00</pt>
<covMatrix nRows="2" nCols="2" type="UPPER_TRIANGULAR">
1.295761 0.810558 0.547450 
</covMatrix>
</velocity>
</normalEstimate>
<time name="UPDATE" format="dd MMM yyyy HH:mm:ss" zone="0">26 MAY 2000 12:01:30.399</time>
</track>
<track trackId="43476" quality="1" transit="CONSTRAINED" classification="WHEELED">
<status> <confirmed/> <extrapolated/></status>
<normalEstimate>
<position>
<pt d="3">-1.319782 0.769468 201.49</pt>
<covMatrix nRows="2" nCols="2" type="UPPER_TRIANGULAR">
11477.689453 -22260.103516 43649.812500 
</covMatrix>
</position>
<velocity vType="VECTOR">
<pt d="3">9.075166 -17.754831 0.00</pt>
<covMatrix nRows="2" nCols="2" type="UPPER_TRIANGULAR">
84.274254 -162.925064 319.746887 
</covMatrix>
</velocity>
</normalEstimate>
<time name="UPDATE" format="dd MMM yyyy HH:mm:ss" zone="0">26 MAY 2000 12:02:00.199</time>
</track>
<track trackId="JC577" quality="1" transit="CONSTRAINED" classification="WHEELED">
<status> <confirmed/> <extrapolated/></status>
<normalEstimate>
<position>
<pt d="3">-1.319180 0.769684 203.66</pt>
<covMatrix nRows="2" nCols="2" type="UPPER_TRIANGULAR">
8579.620117 -19843.337891 46535.156250 
</covMatrix>
</position>
<velocity vType="VECTOR">
<pt d="3">-10.282978 24.063128 0.00</pt>
<covMatrix nRows="2" nCols="2" type="UPPER_TRIANGULAR">
63.206234 -145.570709 341.648041 
</covMatrix>
</velocity>
</normalEstimate>
<time name="UPDATE" format="dd MMM yyyy HH:mm:ss" zone="0">26 MAY 2000 12:02:00.199</time>
</track>
<track trackId="AT002" quality="1" transit="CONSTRAINED" classification="WHEELED">
<status> <confirmed/> <extrapolated/></status>
<normalEstimate>
<position>
<pt d="3">-1.319077 0.768729 236.10</pt>
<covMatrix nRows="2" nCols="2" type="UPPER_TRIANGULAR">
350836.843750 -170458.578125 82943.062500 
</covMatrix>
</position>
<velocity vType="VECTOR">
<pt d="3">19.392794 -9.424923 0.00</pt>
<covMatrix nRows="2" nCols="2" type="UPPER_TRIANGULAR">
650.714172 -315.762115 154.460464 
</covMatrix>
</velocity>
</normalEstimate>
<time name="UPDATE" format="dd MMM yyyy HH:mm:ss" zone="0">26 MAY 2000 12:01:40.199</time>
</track>
<track trackId="5W511" quality="1" transit="CONSTRAINED" classification="WHEELED">
<status> <confirmed/> <extrapolated/></status>
<normalEstimate>
<position>
<pt d="3">-1.320183 0.769925 179.05</pt>
<covMatrix nRows="2" nCols="2" type="UPPER_TRIANGULAR">
4013.742676 3308.736084 2897.215332 
</covMatrix>
</position>
<velocity vType="VECTOR">
<pt d="3">-24.325047 -20.564634 0.00</pt>
<covMatrix nRows="2" nCols="2" type="UPPER_TRIANGULAR">
117.819397 98.760468 84.492844 
</covMatrix>
</velocity>
</normalEstimate>
<time name="UPDATE" format="dd MMM yyyy HH:mm:ss" zone="0">26 MAY 2000 12:02:10.400</time>
</track>
<track trackId="30220" quality="1" transit="CONSTRAINED" classification="WHEELED">
<status> <confirmed/> <extrapolated/></status>
<normalEstimate>
<position>
<pt d="3">-1.320040 0.769647 189.63</pt>
<covMatrix nRows="2" nCols="2" type="UPPER_TRIANGULAR">
604.553711 -2824.959961 13840.041016 
</covMatrix>
</position>
<velocity vType="VECTOR">
<pt d="3">-2.748505 13.439382 0.00</pt>
<covMatrix nRows="2" nCols="2" type="UPPER_TRIANGULAR">
4.575093 -21.059565 103.243256 
</covMatrix>
</velocity>
</normalEstimate>
<time name="UPDATE" format="dd MMM yyyy HH:mm:ss" zone="0">26 MAY 2000 12:02:00.399</time>
</track>
<track trackId="H7321" quality="1" transit="CONSTRAINED" classification="WHEELED">
<status> <confirmed/> <extrapolated/></status>
<normalEstimate>
<position>
<pt d="3">-1.319765 0.768645 217.68</pt>
<covMatrix nRows="2" nCols="2" type="UPPER_TRIANGULAR">
103.368835 78.023605 1879.429688 
</covMatrix>
</position>
<velocity vType="VECTOR">
<pt d="3">-0.628609 -14.336662 0.00</pt>
<covMatrix nRows="2" nCols="2" type="UPPER_TRIANGULAR">
1.045918 1.059160 25.155704 
</covMatrix>
</velocity>
</normalEstimate>
<time name="UPDATE" format="dd MMM yyyy HH:mm:ss" zone="0">26 MAY 2000 12:02:10.400</time>
</track>
<track trackId="VG422" quality="1" transit="CONSTRAINED" classification="WHEELED">
<status> <confirmed/> <extrapolated/></status>
<normalEstimate>
<position>
<pt d="3">-1.319964 0.769179 200.35</pt>
<covMatrix nRows="2" nCols="2" type="UPPER_TRIANGULAR">
6404.625000 -9455.697266 14280.988281 
</covMatrix>
</position>
<velocity vType="VECTOR">
<pt d="3">-6.571389 9.855454 0.00</pt>
<covMatrix nRows="2" nCols="2" type="UPPER_TRIANGULAR">
14.787694 -20.681339 32.014740 
</covMatrix>
</velocity>
</normalEstimate>
<time name="UPDATE" format="dd MMM yyyy HH:mm:ss" zone="0">26 MAY 2000 12:01:50.400</time>
</track>
<track trackId="PP640" quality="1" transit="CONSTRAINED" classification="WHEELED">
<status> <confirmed/> <extrapolated/></status>
<normalEstimate>
<position>
<pt d="3">-1.320133 0.769349 211.76</pt>
<covMatrix nRows="2" nCols="2" type="UPPER_TRIANGULAR">
36981.640625 -24635.308594 16555.019531 
</covMatrix>
</position>
<velocity vType="VECTOR">
<pt d="3">-26.321276 17.581360 0.00</pt>
<covMatrix nRows="2" nCols="2" type="UPPER_TRIANGULAR">
276.503906 -184.024780 123.917862 
</covMatrix>
</velocity>
</normalEstimate>
<time name="UPDATE" format="dd MMM yyyy HH:mm:ss" zone="0">26 MAY 2000 12:02:00.399</time>
</track>
<track trackId="G4043" quality="1" transit="CONSTRAINED" classification="WHEELED">
<status> <confirmed/> <extrapolated/></status>
<normalEstimate>
<position>
<pt d="3">-1.319487 0.768388 245.66</pt>
<covMatrix nRows="2" nCols="2" type="UPPER_TRIANGULAR">
1973.573364 2978.383057 4834.640137 
</covMatrix>
</position>
<velocity vType="VECTOR">
<pt d="3">15.201747 24.165785 0.00</pt>
<covMatrix nRows="2" nCols="2" type="UPPER_TRIANGULAR">
57.498573 89.814339 143.775192 
</covMatrix>
</velocity>
</normalEstimate>
<time name="UPDATE" format="dd MMM yyyy HH:mm:ss" zone="0">26 MAY 2000 12:02:10.400</time>
</track>
<track trackId="6L246" quality="1" transit="CONSTRAINED" classification="WHEELED">
<status> <confirmed/> <extrapolated/></status>
<normalEstimate>
<position>
<pt d="3">-1.320446 0.770140 178.12</pt>
<covMatrix nRows="2" nCols="2" type="UPPER_TRIANGULAR">
6335.956543 346.304779 22.464682 
</covMatrix>
</position>
<velocity vType="VECTOR">
<pt d="3">-6.539020 -0.357603 0.00</pt>
<covMatrix nRows="2" nCols="2" type="UPPER_TRIANGULAR">
21.101612 1.152066 0.098265 
</covMatrix>
</velocity>
</normalEstimate>
<time name="UPDATE" format="dd MMM yyyy HH:mm:ss" zone="0">26 MAY 2000 12:01:50.400</time>
</track>
<track trackId="MH104" quality="1" transit="CONSTRAINED" classification="WHEELED">
<status> <confirmed/> <extrapolated/></status>
<normalEstimate>
<position>
<pt d="3">-1.319984 0.769975 182.76</pt>
<covMatrix nRows="2" nCols="2" type="UPPER_TRIANGULAR">
1449.537476 -2763.822754 5759.450684 
</covMatrix>
</position>
<velocity vType="VECTOR">
<pt d="3">-10.561347 21.626944 0.00</pt>
<covMatrix nRows="2" nCols="2" type="UPPER_TRIANGULAR">
40.070503 -80.009583 164.837677 
</covMatrix>
</velocity>
</normalEstimate>
<time name="UPDATE" format="dd MMM yyyy HH:mm:ss" zone="0">26 MAY 2000 12:02:10.199</time>
</track>
<track trackId="PA117" quality="1" transit="CONSTRAINED" classification="WHEELED">
<status> <confirmed/> <extrapolated/> <screened/></status>
<normalEstimate>
<position>
<pt d="3">-1.319257 0.769438 207.81</pt>
<covMatrix nRows="2" nCols="2" type="UPPER_TRIANGULAR">
3565.630371 -2603.356689 1955.159302 
</covMatrix>
</position>
<velocity vType="VECTOR">
<pt d="3">-6.828491 5.035577 0.00</pt>
<covMatrix nRows="2" nCols="2" type="UPPER_TRIANGULAR">
9.723332 -6.909656 5.448928 
</covMatrix>
</velocity>
</normalEstimate>
<time name="UPDATE" format="dd MMM yyyy HH:mm:ss" zone="0">26 MAY 2000 12:01:50.200</time>
</track>
<track trackId="1H221" quality="1" transit="CONSTRAINED" classification="WHEELED">
<status> <confirmed/> <extrapolated/></status>
<normalEstimate>
<position>
<pt d="3">-1.319798 0.769492 197.95</pt>
<covMatrix nRows="2" nCols="2" type="UPPER_TRIANGULAR">
4671.349609 -28613.767578 179201.734375 
</covMatrix>
</position>
<velocity vType="VECTOR">
<pt d="3">3.164778 -19.809256 0.00</pt>
<covMatrix nRows="2" nCols="2" type="UPPER_TRIANGULAR">
16.003366 -93.914131 588.834961 
</covMatrix>
</velocity>
</normalEstimate>
<time name="UPDATE" format="dd MMM yyyy HH:mm:ss" zone="0">26 MAY 2000 12:01:50.200</time>
</track>
<track trackId="64525" quality="1" transit="CONSTRAINED" classification="WHEELED">
<status> <confirmed/> <extrapolated/></status>
<normalEstimate>
<position>
<pt d="3">-1.319072 0.768727 235.08</pt>
<covMatrix nRows="2" nCols="2" type="UPPER_TRIANGULAR">
148922.125000 -72327.757812 35251.351562 
</covMatrix>
</position>
<velocity vType="VECTOR">
<pt d="3">20.929581 -10.171803 0.00</pt>
<covMatrix nRows="2" nCols="2" type="UPPER_TRIANGULAR">
489.063538 -237.199661 116.279022 
</covMatrix>
</velocity>
</normalEstimate>
<time name="UPDATE" format="dd MMM yyyy HH:mm:ss" zone="0">26 MAY 2000 12:01:50.200</time>
</track>
<track trackId="R1132" quality="1" transit="CONSTRAINED" classification="WHEELED">
<status> <confirmed/> <extrapolated/></status>
<normalEstimate>
<position>
<pt d="3">-1.319186 0.769680 205.75</pt>
<covMatrix nRows="2" nCols="2" type="UPPER_TRIANGULAR">
64.459587 -166.365585 611.284912 
</covMatrix>
</position>
<velocity vType="VECTOR">
<pt d="3">3.087161 -11.012583 0.00</pt>
<covMatrix nRows="2" nCols="2" type="UPPER_TRIANGULAR">
0.493763 -1.125603 4.193498 
</covMatrix>
</velocity>
</normalEstimate>
<time name="UPDATE" format="dd MMM yyyy HH:mm:ss" zone="0">26 MAY 2000 12:02:00.199</time>
</track>
<track trackId="HH335" quality="1" transit="CONSTRAINED" classification="WHEELED">
<status> <confirmed/> <extrapolated/></status>
<normalEstimate>
<position>
<pt d="3">-1.318707 0.768927 220.05</pt>
<covMatrix nRows="2" nCols="2" type="UPPER_TRIANGULAR">
110.469017 251.073914 6112.717773 
</covMatrix>
</position>
<velocity vType="VECTOR">
<pt d="3">1.087347 26.039850 0.00</pt>
<covMatrix nRows="2" nCols="2" type="UPPER_TRIANGULAR">
1.053268 1.279284 31.636223 
</covMatrix>
</velocity>
</normalEstimate>
<time name="UPDATE" format="dd MMM yyyy HH:mm:ss" zone="0">26 MAY 2000 12:02:00.199</time>
</track>
<track trackId="GE057" quality="1" transit="CONSTRAINED" classification="WHEELED">
<status> <confirmed/> <extrapolated/></status>
<normalEstimate>
<position>
<pt d="3">-1.320546 0.768746 212.00</pt>
<covMatrix nRows="2" nCols="2" type="UPPER_TRIANGULAR">
324.675018 -330.045502 458.524841 
</covMatrix>
</position>
<velocity vType="VECTOR">
<pt d="3">-10.214046 12.493071 0.00</pt>
<covMatrix nRows="2" nCols="2" type="UPPER_TRIANGULAR">
5.102515 -5.570291 7.361544 
</covMatrix>
</velocity>
</normalEstimate>
<time name="UPDATE" format="dd MMM yyyy HH:mm:ss" zone="0">26 MAY 2000 12:02:10.600</time>
</track>
<track trackId="CZ536" quality="1" transit="UNCONSTRAINED" type="FLIER" classification="WHEELED">
<status> <confirmed/> <dropped/> <extrapolated/></status>
<normalEstimate>
<position>
<pt d="3">-1.320820 0.768905 282.35</pt>
<covMatrix nRows="2" nCols="2" type="UPPER_TRIANGULAR">
43501136.000000 12945978.000000 19319630.000000 
</covMatrix>
</position>
<velocity vType="VECTOR">
<pt d="3">-25.016275 63.604805 0.00</pt>
<covMatrix nRows="2" nCols="2" type="UPPER_TRIANGULAR">
40967.074219 8169.612793 25707.234375 
</covMatrix>
</velocity>
</normalEstimate>
<time name="UPDATE" format="dd MMM yyyy HH:mm:ss" zone="0">26 MAY 2000 12:01:40.600</time>
</track>
<track trackId="LD626" quality="1" transit="UNCONSTRAINED" type="FLIER" classification="WHEELED">
<status> <confirmed/></status>
<normalEstimate>
<position>
<pt d="3">-1.319570 0.770140 189.00</pt>
<covMatrix nRows="2" nCols="2" type="UPPER_TRIANGULAR">
42.992264 -111.613716 374.839722 
</covMatrix>
</position>
<velocity vType="VECTOR">
<pt d="3">58.121155 24.634474 0.00</pt>
<covMatrix nRows="2" nCols="2" type="UPPER_TRIANGULAR">
20459.308594 6240.966309 1903.805664 
</covMatrix>
</velocity>
</normalEstimate>
<truth id="unknown" application="unknown">
 <acceleration>
<pt d="3">0.000000 0.000000 0.00</pt>
</acceleration>
<position>
<pt d="3">-1.319571 0.770140 189.02</pt>
</position>
<velocity vType="VECTOR">
<pt d="3">28.219999 11.960000 0.92</pt>
</velocity>
</truth>
<time name="UPDATE" format="dd MMM yyyy HH:mm:ss" zone="0">26 MAY 2000 12:02:20.200</time>
</track>
<track trackId="NX574" quality="1" transit="UNCONSTRAINED" type="FLIER" classification="WHEELED">
<status> <confirmed/> <dropped/> <extrapolated/></status>
<normalEstimate>
<position>
<pt d="3">-1.320568 0.770230 293.88</pt>
<covMatrix nRows="2" nCols="2" type="UPPER_TRIANGULAR">
45572804.000000 12166078.000000 18824166.000000 
</covMatrix>
</position>
<velocity vType="VECTOR">
<pt d="3">-69.415344 44.545181 0.00</pt>
<covMatrix nRows="2" nCols="2" type="UPPER_TRIANGULAR">
41826.472656 7525.457031 25280.816406 
</covMatrix>
</velocity>
</normalEstimate>
<time name="UPDATE" format="dd MMM yyyy HH:mm:ss" zone="0">26 MAY 2000 12:01:40.199</time>
</track>
<track trackId="4L106" quality="1" transit="UNCONSTRAINED" type="FLIER" classification="WHEELED">
<status> <confirmed/> <extrapolated/></status>
<normalEstimate>
<position>
<pt d="3">-1.319559 0.769154 203.11</pt>
<covMatrix nRows="2" nCols="2" type="UPPER_TRIANGULAR">
23362720.000000 6697102.000000 8331403.500000 
</covMatrix>
</position>
<velocity vType="VECTOR">
<pt d="3">34.234421 29.888062 0.00</pt>
<covMatrix nRows="2" nCols="2" type="UPPER_TRIANGULAR">
36494.406250 7437.459473 19801.392578 
</covMatrix>
</velocity>
</normalEstimate>
<time name="UPDATE" format="dd MMM yyyy HH:mm:ss" zone="0">26 MAY 2000 12:01:50.400</time>
</track>
<track trackId="NV265" quality="1" transit="UNCONSTRAINED" type="FLIER" classification="WHEELED">
<status> <confirmed/> <extrapolated/></status>
<normalEstimate>
<position>
<pt d="3">-1.320427 0.769499 136.14</pt>
<covMatrix nRows="2" nCols="2" type="UPPER_TRIANGULAR">
22796840.000000 6845898.500000 8397782.000000 
</covMatrix>
</position>
<velocity vType="VECTOR">
<pt d="3">45.489086 -23.432148 0.00</pt>
<covMatrix nRows="2" nCols="2" type="UPPER_TRIANGULAR">
36145.687500 7705.072754 19939.519531 
</covMatrix>
</velocity>
</normalEstimate>
<time name="UPDATE" format="dd MMM yyyy HH:mm:ss" zone="0">26 MAY 2000 12:01:50.600</time>
</track>
<track trackId="YJ420" quality="1" transit="UNCONSTRAINED" type="FLIER" classification="WHEELED">
<status> <confirmed/> <extrapolated/></status>
<normalEstimate>
<position>
<pt d="3">-1.320984 0.769855 291.34</pt>
<covMatrix nRows="2" nCols="2" type="UPPER_TRIANGULAR">
23837024.000000 6660830.500000 8375817.500000 
</covMatrix>
</position>
<velocity vType="VECTOR">
<pt d="3">-149.127151 -21.320005 0.00</pt>
<covMatrix nRows="2" nCols="2" type="UPPER_TRIANGULAR">
36734.996094 7299.550781 19791.183594 
</covMatrix>
</velocity>
</normalEstimate>
<time name="UPDATE" format="dd MMM yyyy HH:mm:ss" zone="0">26 MAY 2000 12:01:50.200</time>
</track>
<track trackId="QK102" quality="1" transit="UNCONSTRAINED" type="FLIER" classification="WHEELED">
<status> <confirmed/> <extrapolated/></status>
<normalEstimate>
<position>
<pt d="3">-1.320237 0.769417 172.23</pt>
<covMatrix nRows="2" nCols="2" type="UPPER_TRIANGULAR">
2135980.500000 709268.812500 403617.187500 
</covMatrix>
</position>
<velocity vType="VECTOR">
<pt d="3">66.027580 -33.287189 0.00</pt>
<covMatrix nRows="2" nCols="2" type="UPPER_TRIANGULAR">
24645.775391 7082.772949 7346.360352 
</covMatrix>
</velocity>
</normalEstimate>
<time name="UPDATE" format="dd MMM yyyy HH:mm:ss" zone="0">26 MAY 2000 12:02:10.400</time>
</track>
<track trackId="7F510" quality="1" transit="UNCONSTRAINED" type="FLIER" classification="WHEELED">
<status> <confirmed/> <extrapolated/></status>
<normalEstimate>
<position>
<pt d="3">-1.319548 0.769146 200.08</pt>
<covMatrix nRows="2" nCols="2" type="UPPER_TRIANGULAR">
9508190.000000 2859468.250000 2624192.000000 
</covMatrix>
</position>
<velocity vType="VECTOR">
<pt d="3">41.877777 33.507362 0.00</pt>
<covMatrix nRows="2" nCols="2" type="UPPER_TRIANGULAR">
31018.763672 7143.352051 13821.574219 
</covMatrix>
</velocity>
</normalEstimate>
<time name="UPDATE" format="dd MMM yyyy HH:mm:ss" zone="0">26 MAY 2000 12:02:00.399</time>
</track>
<track trackId="PF624" quality="1" transit="UNCONSTRAINED" type="FLIER" classification="WHEELED">
<status> <confirmed/> <extrapolated/></status>
<normalEstimate>
<position>
<pt d="3">-1.320455 0.769605 160.82</pt>
<covMatrix nRows="2" nCols="2" type="UPPER_TRIANGULAR">
2038873.750000 691155.937500 391477.218750 
</covMatrix>
</position>
<velocity vType="VECTOR">
<pt d="3">104.823616 6.216221 0.00</pt>
<covMatrix nRows="2" nCols="2" type="UPPER_TRIANGULAR">
24428.710938 7186.303711 7299.882812 
</covMatrix>
</velocity>
</normalEstimate>
<time name="UPDATE" format="dd MMM yyyy HH:mm:ss" zone="0">26 MAY 2000 12:02:10.600</time>
</track>
<track trackId="56754" quality="1" transit="UNCONSTRAINED" type="FLIER" classification="WHEELED">
<status> <confirmed/> <extrapolated/></status>
<normalEstimate>
<position>
<pt d="3">-1.320734 0.769886 255.18</pt>
<covMatrix nRows="2" nCols="2" type="UPPER_TRIANGULAR">
9535781.000000 2830220.500000 2600096.750000 
</covMatrix>
</position>
<velocity vType="VECTOR">
<pt d="3">-152.945038 -21.865829 0.00</pt>
<covMatrix nRows="2" nCols="2" type="UPPER_TRIANGULAR">
31088.976562 7070.287109 13762.665039 
</covMatrix>
</velocity>
</normalEstimate>
<time name="UPDATE" format="dd MMM yyyy HH:mm:ss" zone="0">26 MAY 2000 12:02:00.399</time>
</track>
<track trackId="KG055" quality="1" transit="UNCONSTRAINED" type="FLIER" classification="WHEELED">
<status> <confirmed/> <extrapolated/></status>
<normalEstimate>
<position>
<pt d="3">-1.319175 0.770027 250.99</pt>
<covMatrix nRows="2" nCols="2" type="UPPER_TRIANGULAR">
24072720.000000 6373842.000000 8137411.500000 
</covMatrix>
</position>
<velocity vType="VECTOR">
<pt d="3">-0.053275 80.219391 0.00</pt>
<covMatrix nRows="2" nCols="2" type="UPPER_TRIANGULAR">
36992.886719 6985.042480 19529.509766 
</covMatrix>
</velocity>
</normalEstimate>
<time name="UPDATE" format="dd MMM yyyy HH:mm:ss" zone="0">26 MAY 2000 12:01:50.200</time>
</track>
<track trackId="ZQ205" quality="1" transit="UNCONSTRAINED" type="FLIER" classification="WHEELED">
<status> <confirmed/> <extrapolated/></status>
<normalEstimate>
<position>
<pt d="3">-1.318971 0.769722 197.63</pt>
<covMatrix nRows="2" nCols="2" type="UPPER_TRIANGULAR">
24036838.000000 6417923.000000 8172855.500000 
</covMatrix>
</position>
<velocity vType="VECTOR">
<pt d="3">39.525314 28.896465 0.00</pt>
<covMatrix nRows="2" nCols="2" type="UPPER_TRIANGULAR">
36953.500000 7033.350586 19568.287109 
</covMatrix>
</velocity>
</normalEstimate>
<time name="UPDATE" format="dd MMM yyyy HH:mm:ss" zone="0">26 MAY 2000 12:01:50.200</time>
</track>
<track trackId="JL613" quality="1" transit="UNCONSTRAINED" type="FLIER" classification="WHEELED">
<status> <confirmed/> <extrapolated/></status>
<normalEstimate>
<position>
<pt d="3">-1.318709 0.768882 226.77</pt>
<covMatrix nRows="2" nCols="2" type="UPPER_TRIANGULAR">
9835051.000000 2770786.500000 2581006.250000 
</covMatrix>
</position>
<velocity vType="VECTOR">
<pt d="3">33.143791 42.659943 0.00</pt>
<covMatrix nRows="2" nCols="2" type="UPPER_TRIANGULAR">
31421.765625 6785.472168 13657.088867 
</covMatrix>
</velocity>
</normalEstimate>
<time name="UPDATE" format="dd MMM yyyy HH:mm:ss" zone="0">26 MAY 2000 12:02:00.199</time>
</track>
<track trackId="HZ365" quality="1" transit="UNCONSTRAINED" type="FLIER" classification="WHEELED">
<status> <confirmed/> <extrapolated/></status>
<normalEstimate>
<position>
<pt d="3">-1.320087 0.769321 222.98</pt>
<covMatrix nRows="2" nCols="2" type="UPPER_TRIANGULAR">
2145335.500000 697480.062500 394107.437500 
</covMatrix>
</position>
<velocity vType="VECTOR">
<pt d="3">-26.587208 40.995106 0.00</pt>
<covMatrix nRows="2" nCols="2" type="UPPER_TRIANGULAR">
24739.033203 6965.049805 7251.234375 
</covMatrix>
</velocity>
</normalEstimate>
<time name="UPDATE" format="dd MMM yyyy HH:mm:ss" zone="0">26 MAY 2000 12:02:10.400</time>
</track>
</trackCollection>
</tracks>
