class,crime,zoned,industrial,charles,nitricOxide,rooms,age,commute,roads,tax,schools,minority,lstat
0-10K,20.0849,0,18.1,0,0.7,4.368,91.199997,1.4395,24,666,20.200001,285.829987,30.629999
10-20K,0.17004,12.5,7.87,0,0.524,6.004,85.900002,6.5921,5,311,15.2,386.709991,17.1
20-30K,0.00632,18,2.31,0,0.538,6.575,65.199997,4.09,1,296,15.3,396.899994,4.98
20-30K,0.02731,0,7.07,0,0.469,6.421,78.900002,4.9671,2,242,17.799999,396.899994,9.14
30-40K,0.02729,0,7.07,0,0.469,7.185,61.099998,4.9671,2,242,17.799999,392.829987,4.03
40-50K,0.08187,0,2.89,0,0.445,7.82,36.900002,3.4952,2,276,18,393.529999,3.57
30-40K,0.03237,0,2.18,0,0.458,6.998,45.799999,6.0622,3,222,18.700001,394.630005,2.94
30-40K,0.06905,0,2.18,0,0.458,7.147,54.200001,6.0622,3,222,18.700001,396.899994,5.33
20-30K,0.02985,0,2.18,0,0.458,6.43,58.700001,6.0622,3,222,18.700001,394.119995,5.21
20-30K,0.08829,12.5,7.87,0,0.524,6.012,66.599998,5.5605,5,311,15.2,395.600006,12.43
20-30K,0.14455,12.5,7.87,0,0.524,6.172,96.099998,5.9505,5,311,15.2,396.899994,19.15
10-20K,0.21124,12.5,7.87,0,0.524,5.631,100,6.0821,5,311,15.2,386.630005,29.93
10-20K,0.22489,12.5,7.87,0,0.524,6.377,94.300003,6.3467,5,311,15.2,392.519989,20.450001
10-20K,0.11747,12.5,7.87,0,0.524,6.009,82.900002,6.2267,5,311,15.2,396.899994,13.27
20-30K,0.09378,12.5,7.87,0,0.524,5.889,39,5.4509,5,311,15.2,390.5,15.71
20-30K,0.62976,0,8.14,0,0.538,5.949,61.799999,4.7075,4,307,21,396.899994,8.26
10-20K,0.63796,0,8.14,0,0.538,6.096,84.5,4.4619,4,307,21,380.019989,10.26
10-20K,0.62739,0,8.14,0,0.538,5.834,56.5,4.4986,4,307,21,395.619995,8.47
20-30K,1.05393,0,8.14,0,0.538,5.935,29.299999,4.4986,4,307,21,386.850006,6.58
10-20K,0.7842,0,8.14,0,0.538,5.99,81.699997,4.2579,4,307,21,386.75,14.67
20-30K,0.80271,0,8.14,0,0.538,5.456,36.599998,3.7965,4,307,21,288.98999,11.69
10-20K,0.7258,0,8.14,0,0.538,5.727,69.5,3.7965,4,307,21,390.950012,11.28
10-20K,1.25179,0,8.14,0,0.538,5.57,98.099998,3.7979,4,307,21,376.570007,21.02
10-20K,0.85204,0,8.14,0,0.538,5.965,89.199997,4.0123,4,307,21,392.529999,13.83
10-20K,1.23247,0,8.14,0,0.538,6.142,91.699997,3.9769,4,307,21,396.899994,18.719999
10-20K,0.98843,0,8.14,0,0.538,5.813,100,4.0952,4,307,21,394.540009,19.879999
10-20K,0.75026,0,8.14,0,0.538,5.924,94.099998,4.3996,4,307,21,394.329987,16.299999
10-20K,0.84054,0,8.14,0,0.538,5.599,85.699997,4.4546,4,307,21,303.420013,16.51
10-20K,0.67191,0,8.14,0,0.538,5.813,90.300003,4.682,4,307,21,376.880005,14.81
10-20K,0.95577,0,8.14,0,0.538,6.047,88.800003,4.4534,4,307,21,306.380005,17.280001
10-20K,0.77299,0,8.14,0,0.538,6.495,94.400002,4.4547,4,307,21,387.940002,12.8
20-30K,1.00245,0,8.14,0,0.538,6.674,87.300003,4.239,4,307,21,380.230011,11.98
10-20K,1.13081,0,8.14,0,0.538,5.713,94.099998,4.233,4,307,21,360.170013,22.6
10-20K,1.35472,0,8.14,0,0.538,6.072,100,4.175,4,307,21,376.730011,13.04
10-20K,1.38799,0,8.14,0,0.538,5.95,82,3.99,4,307,21,232.600006,27.709999
10-20K,1.15172,0,8.14,0,0.538,5.701,95,3.7872,4,307,21,358.769989,18.35
10-20K,1.61282,0,8.14,0,0.538,6.096,96.900002,3.7598,4,307,21,248.309998,20.34
10-20K,0.06417,0,5.96,0,0.499,5.933,68.199997,3.3603,5,279,19.200001,396.899994,9.68
20-30K,0.09744,0,5.96,0,0.499,5.841,61.400002,3.3779,5,279,19.200001,377.559998,11.41
20-30K,0.08014,0,5.96,0,0.499,5.85,41.5,3.9342,5,279,19.200001,396.899994,8.77
20-30K,0.17505,0,5.96,0,0.499,5.966,30.200001,3.8473,5,279,19.200001,393.429993,10.13
30-40K,0.02763,75,2.95,0,0.428,6.595,21.799999,5.4011,3,252,18.299999,395.630005,4.32
30-40K,0.03359,75,2.95,0,0.428,7.024,15.8,5.4011,3,252,18.299999,395.619995,1.98
20-30K,0.12744,0,6.91,0,0.448,6.77,2.9,5.7209,3,233,17.9,385.410004,4.84
20-30K,0.1415,0,6.91,0,0.448,6.169,6.6,5.7209,3,233,17.9,383.369995,5.81
20-30K,0.15936,0,6.91,0,0.448,6.211,6.5,5.7209,3,233,17.9,394.459991,7.44
20-30K,0.12269,0,6.91,0,0.448,6.069,40,5.7209,3,233,17.9,389.390015,9.55
10-20K,0.17142,0,6.91,0,0.448,5.682,33.799999,5.1004,3,233,17.9,396.899994,10.21
20-30K,0.18836,0,6.91,0,0.448,5.786,33.299999,5.1004,3,233,17.9,396.899994,14.15
10-20K,0.22927,0,6.91,0,0.448,6.03,85.5,5.6894,3,233,17.9,392.73999,18.799999
10-20K,0.25387,0,6.91,0,0.448,5.399,95.300003,5.87,3,233,17.9,396.899994,30.809999
10-20K,0.21977,0,6.91,0,0.448,5.602,62,6.0877,3,233,17.9,396.899994,16.200001
10-20K,0.08873,21,5.64,0,0.439,5.963,45.700001,6.8147,4,243,16.799999,395.559998,13.45
20-30K,0.04337,21,5.64,0,0.439,6.115,63,6.8147,4,243,16.799999,393.970001,9.43
20-30K,0.0536,21,5.64,0,0.439,6.511,21.1,6.8147,4,243,16.799999,396.899994,5.28
20-30K,0.04981,21,5.64,0,0.439,5.998,21.4,6.8147,4,243,16.799999,396.899994,8.43
10-20K,0.0136,75,4,0,0.41,5.888,47.599998,7.3197,3,469,21.1,396.899994,14.8
30-40K,0.01311,90,1.22,0,0.403,7.249,21.9,8.6966,5,226,17.9,395.929993,4.81
20-30K,0.02055,85,0.74,0,0.41,6.383,35.700001,9.1876,2,313,17.299999,396.899994,5.77
30-40K,0.01432,100,1.32,0,0.411,6.816,40.5,8.3248,5,256,15.1,392.899994,3.95
20-30K,0.15445,25,5.13,0,0.453,6.145,29.200001,7.8148,8,284,19.700001,390.679993,6.86
10-20K,0.10328,25,5.13,0,0.453,5.927,47.200001,6.932,8,284,19.700001,396.899994,9.22
10-20K,0.14932,25,5.13,0,0.453,5.741,66.199997,7.2254,8,284,19.700001,395.109985,13.15
10-20K,0.17171,25,5.13,0,0.453,5.966,93.400002,6.8185,8,284,19.700001,378.079987,14.44
20-30K,0.11027,25,5.13,0,0.453,6.456,67.800003,7.2255,8,284,19.700001,396.899994,6.73
20-30K,0.1265,25,5.13,0,0.453,6.762,43.400002,7.9809,8,284,19.700001,395.579987,9.5
30-40K,0.01951,17.5,1.38,0,0.4161,7.104,59.5,9.2229,3,216,18.6,393.23999,8.05
20-30K,0.03584,80,3.37,0,0.398,6.29,17.799999,6.6115,4,337,16.1,396.899994,4.67
10-20K,0.04379,80,3.37,0,0.398,5.787,31.1,6.6115,4,337,16.1,396.899994,10.24
20-30K,0.05789,12.5,6.07,0,0.409,5.878,21.4,6.498,4,345,18.9,396.209991,8.1
10-20K,0.13554,12.5,6.07,0,0.409,5.594,36.799999,6.498,4,345,18.9,396.899994,13.09
20-30K,0.12816,12.5,6.07,0,0.409,5.885,33,6.498,4,345,18.9,396.899994,8.79
20-30K,0.08826,0,10.81,0,0.413,6.417,6.6,5.2873,4,305,19.200001,383.730011,6.72
20-30K,0.15876,0,10.81,0,0.413,5.961,17.5,5.2873,4,305,19.200001,376.940002,9.88
20-30K,0.09164,0,10.81,0,0.413,6.065,7.8,5.2873,4,305,19.200001,390.910004,5.52
20-30K,0.19539,0,10.81,0,0.413,6.245,6.2,5.2873,4,305,19.200001,377.170013,7.54
20-30K,0.07896,0,12.83,0,0.437,6.273,6,4.2515,5,398,18.700001,394.920013,6.78
20-30K,0.09512,0,12.83,0,0.437,6.286,45,4.5026,5,398,18.700001,383.230011,8.94
20-30K,0.10153,0,12.83,0,0.437,6.279,74.5,4.0522,5,398,18.700001,373.660004,11.97
20-30K,0.08707,0,12.83,0,0.437,6.14,45.799999,4.0905,5,398,18.700001,386.959991,10.27
20-30K,0.05646,0,12.83,0,0.437,6.232,53.700001,5.0141,5,398,18.700001,386.399994,12.34
20-30K,0.08387,0,12.83,0,0.437,5.874,36.599998,4.5026,5,398,18.700001,396.059998,9.1
20-30K,0.04113,25,4.86,0,0.426,6.727,33.5,5.4007,4,281,19,396.899994,5.29
20-30K,0.04462,25,4.86,0,0.426,6.619,70.400002,5.4007,4,281,19,395.630005,7.22
20-30K,0.03659,25,4.86,0,0.426,6.302,32.200001,5.4007,4,281,19,396.899994,6.72
20-30K,0.03551,25,4.86,0,0.426,6.167,46.700001,5.4007,4,281,19,390.640015,7.51
20-30K,0.05059,0,4.49,0,0.449,6.389,48,4.7794,3,247,18.5,396.899994,9.62
20-30K,0.05735,0,4.49,0,0.449,6.63,56.099998,4.4377,3,247,18.5,392.299988,6.53
20-30K,0.05188,0,4.49,0,0.449,6.015,45.099998,4.4272,3,247,18.5,395.98999,12.86
20-30K,0.07151,0,4.49,0,0.449,6.121,56.799999,3.7476,3,247,18.5,395.149994,8.44
20-30K,0.0566,0,3.41,0,0.489,7.007,86.300003,3.4217,2,270,17.799999,396.899994,5.5
20-30K,0.05302,0,3.41,0,0.489,7.079,63.099998,3.4145,2,270,17.799999,396.059998,5.7
20-30K,0.04684,0,3.41,0,0.489,6.417,66.099998,3.0923,2,270,17.799999,392.179993,8.81
20-30K,0.03932,0,3.41,0,0.489,6.405,73.900002,3.0921,2,270,17.799999,393.549988,8.2
20-30K,0.04203,28,15.04,0,0.464,6.442,53.599998,3.6659,4,270,18.200001,395.01001,8.16
20-30K,0.02875,28,15.04,0,0.464,6.211,28.9,3.6659,4,270,18.200001,396.329987,6.21
20-30K,0.04294,28,15.04,0,0.464,6.249,77.300003,3.615,4,270,18.200001,396.899994,10.59
20-30K,0.12204,0,2.89,0,0.445,6.625,57.799999,3.4952,2,276,18,357.980011,6.65
20-30K,0.11504,0,2.89,0,0.445,6.163,69.599998,3.4952,2,276,18,391.829987,11.34
30-40K,0.12083,0,2.89,0,0.445,8.069,76,3.4952,2,276,18,396.899994,4.21
30-40K,0.0686,0,2.89,0,0.445,7.416,62.5,3.4952,2,276,18,396.899994,6.19
20-30K,0.14866,0,8.56,0,0.52,6.727,79.900002,2.7778,5,384,20.9,394.76001,9.42
20-30K,0.11432,0,8.56,0,0.52,6.781,71.300003,2.8561,5,384,20.9,395.579987,7.67
10-20K,0.22876,0,8.56,0,0.52,6.405,85.400002,2.7147,5,384,20.9,70.800003,10.63
10-20K,0.21161,0,8.56,0,0.52,6.137,87.400002,2.7147,5,384,20.9,394.470001,13.44
20-30K,0.1396,0,8.56,0,0.52,6.167,90,2.421,5,384,20.9,392.690002,12.33
10-20K,0.13262,0,8.56,0,0.52,5.851,96.699997,2.1069,5,384,20.9,394.049988,16.469999
10-20K,0.1712,0,8.56,0,0.52,5.836,91.900002,2.211,5,384,20.9,395.670013,18.66
20-30K,0.13117,0,8.56,0,0.52,6.127,85.199997,2.1224,5,384,20.9,387.690002,14.09
10-20K,0.12802,0,8.56,0,0.52,6.474,97.099998,2.4329,5,384,20.9,395.23999,12.27
10-20K,0.26363,0,8.56,0,0.52,6.229,91.199997,2.5451,5,384,20.9,391.230011,15.55
20-30K,0.10793,0,8.56,0,0.52,6.195,54.400002,2.7778,5,384,20.9,393.48999,13
20-30K,0.10084,0,10.01,0,0.547,6.715,81.599998,2.6775,6,432,17.799999,395.589996,10.16
10-20K,0.12329,0,10.01,0,0.547,5.913,92.900002,2.3534,6,432,17.799999,394.950012,16.209999
10-20K,0.22212,0,10.01,0,0.547,6.092,95.400002,2.548,6,432,17.799999,396.899994,17.09
10-20K,0.14231,0,10.01,0,0.547,6.254,84.199997,2.2565,6,432,17.799999,388.73999,10.45
10-20K,0.17134,0,10.01,0,0.547,5.928,88.199997,2.4631,6,432,17.799999,344.910004,15.76
20-30K,0.13158,0,10.01,0,0.547,6.176,72.5,2.7301,6,432,17.799999,393.299988,12.04
10-20K,0.15098,0,10.01,0,0.547,6.021,82.599998,2.7474,6,432,17.799999,394.51001,10.3
20-30K,0.13058,0,10.01,0,0.547,5.872,73.099998,2.4775,6,432,17.799999,338.630005,15.37
10-20K,0.14476,0,10.01,0,0.547,5.731,65.199997,2.7592,6,432,17.799999,391.5,13.61
20-30K,0.06899,0,25.65,0,0.581,5.87,69.699997,2.2577,2,188,19.1,389.149994,14.37
20-30K,0.07165,0,25.65,0,0.581,6.004,84.099998,2.1974,2,188,19.1,377.670013,14.27
20-30K,0.09299,0,25.65,0,0.581,5.961,92.900002,2.0869,2,188,19.1,378.089996,17.93
10-20K,0.15038,0,25.65,0,0.581,5.856,97,1.9444,2,188,19.1,370.309998,25.41
10-20K,0.09849,0,25.65,0,0.581,5.879,95.800003,2.0063,2,188,19.1,379.380005,17.58
20-30K,0.16902,0,25.65,0,0.581,5.986,88.400002,1.9929,2,188,19.1,385.019989,14.81
10-20K,0.38735,0,25.65,0,0.581,5.613,95.599998,1.7572,2,188,19.1,359.290009,27.26
10-20K,0.25915,0,21.889999,0,0.624,5.693,96,1.7883,4,437,21.200001,392.109985,17.190001
10-20K,0.32543,0,21.889999,0,0.624,6.431,98.800003,1.8125,4,437,21.200001,396.899994,15.39
10-20K,0.88125,0,21.889999,0,0.624,5.637,94.699997,1.9799,4,437,21.200001,396.899994,18.34
10-20K,0.34006,0,21.889999,0,0.624,6.458,98.900002,2.1185,4,437,21.200001,395.040009,12.6
10-20K,1.19294,0,21.889999,0,0.624,6.326,97.699997,2.271,4,437,21.200001,396.899994,12.26
20-30K,0.59005,0,21.889999,0,0.624,6.372,97.900002,2.3274,4,437,21.200001,385.76001,11.12
10-20K,0.32982,0,21.889999,0,0.624,5.822,95.400002,2.4699,4,437,21.200001,388.690002,15.03
10-20K,0.97617,0,21.889999,0,0.624,5.757,98.400002,2.346,4,437,21.200001,262.76001,17.309999
10-20K,0.55778,0,21.889999,0,0.624,6.335,98.199997,2.1107,4,437,21.200001,394.670013,16.959999
10-20K,0.32264,0,21.889999,0,0.624,5.942,93.5,1.9669,4,437,21.200001,378.25,16.9
10-20K,0.35233,0,21.889999,0,0.624,6.454,98.400002,1.8498,4,437,21.200001,394.079987,14.59
10-20K,0.2498,0,21.889999,0,0.624,5.857,98.199997,1.6686,4,437,21.200001,392.040009,21.32
10-20K,0.54452,0,21.889999,0,0.624,6.151,97.900002,1.6687,4,437,21.200001,396.899994,18.459999
10-20K,0.2909,0,21.889999,0,0.624,6.174,93.599998,1.6119,4,437,21.200001,388.079987,24.16
10-20K,1.62864,0,21.889999,0,0.624,5.019,100,1.4394,4,437,21.200001,396.899994,34.41
10-20K,3.32105,0,19.58,1,0.871,5.403,100,1.3216,5,403,14.7,396.899994,26.82
10-20K,4.0974,0,19.58,0,0.871,5.468,100,1.4118,5,403,14.7,396.899994,26.42
10-20K,2.77974,0,19.58,0,0.871,4.903,97.800003,1.3459,5,403,14.7,396.899994,29.290001
10-20K,2.37934,0,19.58,0,0.871,6.13,100,1.4191,5,403,14.7,172.910004,27.799999
10-20K,2.15505,0,19.58,0,0.871,5.628,100,1.5166,5,403,14.7,169.270004,16.65
10-20K,2.36862,0,19.58,0,0.871,4.926,95.699997,1.4608,5,403,14.7,391.709991,29.530001
10-20K,2.33099,0,19.58,0,0.871,5.186,93.800003,1.5296,5,403,14.7,356.98999,28.32
10-20K,2.73397,0,19.58,0,0.871,5.597,94.900002,1.5257,5,403,14.7,351.850006,21.450001
20-30K,1.6566,0,19.58,0,0.871,6.122,97.300003,1.618,5,403,14.7,372.799988,14.1
10-20K,1.49632,0,19.58,0,0.871,5.404,100,1.5916,5,403,14.7,341.600006,13.28
10-20K,1.12658,0,19.58,1,0.871,5.012,88,1.6102,5,403,14.7,343.279999,12.12
10-20K,2.14918,0,19.58,0,0.871,5.709,98.5,1.6232,5,403,14.7,261.950012,15.79
10-20K,1.41385,0,19.58,1,0.871,6.129,96,1.7494,5,403,14.7,321.019989,15.12
10-20K,3.53501,0,19.58,1,0.871,6.152,82.599998,1.7455,5,403,14.7,88.010002,15.02
10-20K,2.44668,0,19.58,0,0.871,5.272,94,1.7364,5,403,14.7,88.629997,16.139999
40-50K,1.22358,0,19.58,0,0.605,6.943,97.400002,1.8773,5,403,14.7,363.429993,4.59
20-30K,1.34284,0,19.58,0,0.605,6.066,100,1.7573,5,403,14.7,353.890015,6.43
20-30K,1.42502,0,19.58,0,0.871,6.51,100,1.7659,5,403,14.7,364.309998,7.39
20-30K,1.27346,0,19.58,1,0.605,6.25,92.599998,1.7984,5,403,14.7,338.920013,5.5
50-60K,1.46336,0,19.58,0,0.605,7.489,90.800003,1.9709,5,403,14.7,374.429993,1.73
50-60K,1.83377,0,19.58,1,0.605,7.802,98.199997,2.0407,5,403,14.7,389.609985,1.92
50-60K,1.51902,0,19.58,1,0.605,8.375,93.900002,2.162,5,403,14.7,388.450012,3.32
20-30K,2.24236,0,19.58,0,0.605,5.854,91.800003,2.422,5,403,14.7,395.109985,11.64
20-30K,2.924,0,19.58,0,0.605,6.101,93,2.2834,5,403,14.7,240.160004,9.81
50-60K,2.01019,0,19.58,0,0.605,7.929,96.199997,2.0459,5,403,14.7,369.299988,3.7
20-30K,1.80028,0,19.58,0,0.605,5.877,79.199997,2.4259,5,403,14.7,227.610001,12.14
20-30K,2.3004,0,19.58,0,0.605,6.319,96.099998,2.1,5,403,14.7,297.089996,11.1
20-30K,2.44953,0,19.58,0,0.605,6.402,95.199997,2.2625,5,403,14.7,330.040009,11.32
10-20K,1.20742,0,19.58,0,0.605,5.875,94.599998,2.4259,5,403,14.7,292.290009,14.43
10-20K,2.3139,0,19.58,0,0.605,5.88,97.300003,2.3887,5,403,14.7,348.130005,12.03
20-30K,0.13914,0,4.05,0,0.51,5.572,88.5,2.5961,5,296,16.6,396.899994,14.69
20-30K,0.09178,0,4.05,0,0.51,6.416,84.099998,2.6463,5,296,16.6,395.5,9.04
20-30K,0.08447,0,4.05,0,0.51,5.859,68.699997,2.7019,5,296,16.6,393.230011,9.64
20-30K,0.06664,0,4.05,0,0.51,6.546,33.099998,3.1323,5,296,16.6,390.959991,5.33
20-30K,0.07022,0,4.05,0,0.51,6.02,47.200001,3.5549,5,296,16.6,393.230011,10.11
20-30K,0.05425,0,4.05,0,0.51,6.315,73.400002,3.3175,5,296,16.6,395.600006,6.29
20-30K,0.06642,0,4.05,0,0.51,6.86,74.400002,2.9153,5,296,16.6,391.269989,6.92
30-40K,0.0578,0,2.46,0,0.488,6.98,58.400002,2.829,3,193,17.799999,396.899994,5.04
30-40K,0.06588,0,2.46,0,0.488,7.765,83.300003,2.741,3,193,17.799999,395.559998,7.56
30-40K,0.06888,0,2.46,0,0.488,6.144,62.200001,2.5979,3,193,17.799999,396.899994,9.45
30-40K,0.09103,0,2.46,0,0.488,7.155,92.199997,2.7006,3,193,17.799999,394.119995,4.82
30-40K,0.10008,0,2.46,0,0.488,6.563,95.599998,2.847,3,193,17.799999,396.899994,5.68
20-30K,0.08308,0,2.46,0,0.488,5.604,89.800003,2.9879,3,193,17.799999,391,13.98
20-30K,0.06047,0,2.46,0,0.488,6.153,68.800003,3.2797,3,193,17.799999,387.109985,13.15
50-60K,0.05602,0,2.46,0,0.488,7.831,53.599998,3.1992,3,193,17.799999,392.630005,4.45
30-40K,0.07875,45,3.44,0,0.437,6.782,41.099998,3.7886,5,398,15.2,393.869995,6.68
20-30K,0.12579,45,3.44,0,0.437,6.556,29.1,4.5667,5,398,15.2,382.839996,4.56
30-40K,0.0837,45,3.44,0,0.437,7.185,38.900002,4.5667,5,398,15.2,396.899994,5.39
30-40K,0.09068,45,3.44,0,0.437,6.951,21.5,6.4798,5,398,15.2,377.679993,5.1
30-40K,0.06911,45,3.44,0,0.437,6.739,30.799999,6.4798,5,398,15.2,389.709991,4.69
30-40K,0.08664,45,3.44,0,0.437,7.178,26.299999,6.4798,5,398,15.2,390.48999,2.87
30-40K,0.02187,60,2.93,0,0.401,6.8,9.9,6.2196,1,265,15.6,393.369995,5.03
20-30K,0.01439,60,2.93,0,0.401,6.604,18.799999,6.2196,1,265,15.6,376.700012,4.38
50-60K,0.01381,80,0.46,0,0.422,7.875,32,5.6484,4,255,14.4,394.230011,2.97
30-40K,0.04011,80,1.52,0,0.404,7.287,34.099998,7.309,2,329,12.6,396.899994,4.08
30-40K,0.04666,80,1.52,0,0.404,7.107,36.599998,7.309,2,329,12.6,354.309998,8.61
30-40K,0.03768,80,1.52,0,0.404,7.274,38.299999,7.309,2,329,12.6,392.200012,6.62
30-40K,0.0315,95,1.47,0,0.403,6.975,15.3,7.6534,3,402,17,396.899994,4.56
30-40K,0.01778,95,1.47,0,0.403,7.135,13.9,7.6534,3,402,17,384.299988,4.45
20-30K,0.03445,82.5,2.03,0,0.415,6.162,38.400002,6.27,2,348,14.7,393.769989,7.43
40-50K,0.02177,82.5,2.03,0,0.415,7.61,15.7,6.27,2,348,14.7,395.380005,3.11
40-50K,0.0351,95,2.68,0,0.4161,7.853,33.200001,5.118,4,224,14.7,392.779999,3.81
50-60K,0.02009,95,2.68,0,0.4161,8.034,31.9,5.118,4,224,14.7,390.549988,2.88
20-30K,0.13642,0,10.59,0,0.489,5.891,22.299999,3.9454,4,277,18.6,396.899994,10.87
20-30K,0.22969,0,10.59,0,0.489,6.326,52.5,4.3549,4,277,18.6,394.869995,10.97
20-30K,0.25199,0,10.59,0,0.489,5.783,72.699997,4.3549,4,277,18.6,389.429993,18.059999
20-30K,0.13587,0,10.59,1,0.489,6.064,59.099998,4.2392,4,277,18.6,381.320007,14.66
20-30K,0.43571,0,10.59,1,0.489,5.344,100,3.875,4,277,18.6,396.899994,23.09
20-30K,0.17446,0,10.59,1,0.489,5.96,92.099998,3.8771,4,277,18.6,393.25,17.27
10-20K,0.37578,0,10.59,1,0.489,5.404,88.599998,3.665,4,277,18.6,395.23999,23.98
20-30K,0.21719,0,10.59,1,0.489,5.807,53.799999,3.6526,4,277,18.6,390.940002,16.030001
20-30K,0.14052,0,10.59,0,0.489,6.375,32.299999,3.9454,4,277,18.6,385.809998,9.38
20-30K,0.28955,0,10.59,0,0.489,5.412,9.8,3.5875,4,277,18.6,348.929993,29.549999
20-30K,0.19802,0,10.59,0,0.489,6.182,42.400002,3.9454,4,277,18.6,393.630005,9.47
20-30K,0.0456,0,13.89,1,0.55,5.888,56,3.1121,5,276,16.4,392.799988,13.51
20-30K,0.07013,0,13.89,0,0.55,6.642,85.099998,3.4211,5,276,16.4,392.779999,9.69
20-30K,0.11069,0,13.89,1,0.55,5.951,93.800003,2.8893,5,276,16.4,396.899994,17.92
20-30K,0.11425,0,13.89,1,0.55,6.373,92.400002,3.3633,5,276,16.4,393.73999,10.5
20-30K,0.35809,0,6.2,1,0.507,6.951,88.5,2.8617,8,307,17.4,391.700012,9.71
20-30K,0.40771,0,6.2,1,0.507,6.164,91.300003,3.048,8,307,17.4,395.23999,21.459999
20-30K,0.62356,0,6.2,1,0.507,6.879,77.699997,3.2721,8,307,17.4,390.390015,9.93
30-40K,0.6147,0,6.2,0,0.507,6.618,80.800003,3.2721,8,307,17.4,396.899994,7.6
40-50K,0.31533,0,6.2,0,0.504,8.266,78.300003,2.8944,8,307,17.4,385.049988,4.14
50-60K,0.52693,0,6.2,0,0.504,8.725,83,2.8944,8,307,17.4,382,4.63
30-40K,0.38214,0,6.2,0,0.504,8.04,86.5,3.2157,8,307,17.4,387.380005,3.13
30-40K,0.41238,0,6.2,0,0.504,7.163,79.900002,3.2157,8,307,17.4,372.079987,6.36
40-50K,0.29819,0,6.2,0,0.504,7.686,17,3.3751,8,307,17.4,377.51001,3.92
30-40K,0.44178,0,6.2,0,0.504,6.552,21.4,3.3751,8,307,17.4,380.339996,3.76
20-30K,0.537,0,6.2,0,0.504,5.981,68.099998,3.6715,8,307,17.4,378.350006,11.65
30-40K,0.46296,0,6.2,0,0.504,7.412,76.900002,3.6715,8,307,17.4,376.140015,5.25
40-50K,0.57529,0,6.2,0,0.507,8.337,73.300003,3.8384,8,307,17.4,385.910004,2.47
40-50K,0.33147,0,6.2,0,0.507,8.247,70.400002,3.6519,8,307,17.4,378.950012,3.95
20-30K,0.44791,0,6.2,1,0.507,6.726,66.5,3.6519,8,307,17.4,360.200012,8.05
20-30K,0.33045,0,6.2,0,0.507,6.086,61.5,3.6519,8,307,17.4,376.75,10.88
20-30K,0.52058,0,6.2,1,0.507,6.631,76.5,4.148,8,307,17.4,388.450012,9.54
30-40K,0.51183,0,6.2,0,0.507,7.358,71.599998,4.148,8,307,17.4,390.070007,4.73
20-30K,0.08244,30,4.93,0,0.428,6.481,18.5,6.1899,6,300,16.6,379.410004,6.36
20-30K,0.09252,30,4.93,0,0.428,6.606,42.200001,6.1899,6,300,16.6,383.779999,7.37
20-30K,0.11329,30,4.93,0,0.428,6.897,54.299999,6.3361,6,300,16.6,391.25,11.38
20-30K,0.10612,30,4.93,0,0.428,6.095,65.099998,6.3361,6,300,16.6,394.619995,12.4
20-30K,0.1029,30,4.93,0,0.428,6.358,52.900002,7.0355,6,300,16.6,372.75,11.22
20-30K,0.12757,30,4.93,0,0.428,6.393,7.8,7.0355,6,300,16.6,374.709991,5.19
10-20K,0.20608,22,5.86,0,0.431,5.593,76.5,7.9549,7,330,19.1,372.48999,12.5
10-20K,0.19133,22,5.86,0,0.431,5.605,70.199997,7.9549,7,330,19.1,389.130005,18.459999
20-30K,0.33983,22,5.86,0,0.431,6.108,34.900002,8.0555,7,330,19.1,390.179993,9.16
20-30K,0.19657,22,5.86,0,0.431,6.226,79.199997,8.0555,7,330,19.1,376.140015,10.15
20-30K,0.16439,22,5.86,0,0.431,6.433,49.099998,7.8265,7,330,19.1,374.709991,9.52
20-30K,0.19073,22,5.86,0,0.431,6.718,17.5,7.8265,7,330,19.1,393.73999,6.56
20-30K,0.1403,22,5.86,0,0.431,6.487,13,7.3967,7,330,19.1,396.279999,5.9
20-30K,0.21409,22,5.86,0,0.431,6.438,8.9,7.3967,7,330,19.1,377.070007,3.59
20-30K,0.08221,22,5.86,0,0.431,6.957,6.8,8.9067,7,330,19.1,386.089996,3.53
40-50K,0.36894,22,5.86,0,0.431,8.259,8.4,8.9067,7,330,19.1,396.899994,3.54
20-30K,0.04819,80,3.64,0,0.392,6.108,32,9.2203,1,315,16.4,392.890015,6.57
20-30K,0.03548,80,3.64,0,0.392,5.876,19.1,9.2203,1,315,16.4,395.179993,9.25
40-50K,0.01538,90,3.75,0,0.394,7.454,34.200001,6.3361,3,244,15.9,386.339996,3.11
50-60K,0.61154,20,3.97,0,0.647,8.704,86.900002,1.801,5,264,13,389.700012,5.12
30-40K,0.66351,20,3.97,0,0.647,7.333,100,1.8946,5,264,13,383.290009,7.79
30-40K,0.65665,20,3.97,0,0.647,6.842,100,2.0107,5,264,13,391.929993,6.9
30-40K,0.54011,20,3.97,0,0.647,7.203,81.800003,2.1121,5,264,13,392.799988,9.59
40-50K,0.53412,20,3.97,0,0.647,7.52,89.400002,2.1398,5,264,13,388.369995,7.26
40-50K,0.52014,20,3.97,0,0.647,8.398,91.5,2.2885,5,264,13,386.859985,5.91
30-40K,0.82526,20,3.97,0,0.647,7.327,94.5,2.0788,5,264,13,393.420013,11.25
30-40K,0.55007,20,3.97,0,0.647,7.206,91.599998,1.9301,5,264,13,387.890015,8.1
20-30K,0.76162,20,3.97,0,0.647,5.56,62.799999,1.9865,5,264,13,392.399994,10.45
30-40K,0.7857,20,3.97,0,0.647,7.014,84.599998,2.1329,5,264,13,384.070007,14.79
50-60K,0.57834,20,3.97,0,0.575,8.297,67,2.4216,5,264,13,384.540009,7.44
40-50K,0.5405,20,3.97,0,0.575,7.47,52.599998,2.872,5,264,13,390.299988,3.16
20-30K,0.09065,20,6.96,1,0.464,5.92,61.5,3.9175,3,223,18.6,391.339996,13.65
20-30K,0.29916,20,6.96,0,0.464,5.856,42.099998,4.429,3,223,18.6,388.649994,13
20-30K,0.16211,20,6.96,0,0.464,6.24,16.299999,4.429,3,223,18.6,396.899994,6.59
20-30K,0.1146,20,6.96,0,0.464,6.538,58.700001,3.9175,3,223,18.6,394.959991,7.73
30-40K,0.22188,20,6.96,1,0.464,7.691,51.799999,4.3665,3,223,18.6,390.769989,6.58
30-40K,0.05644,40,6.41,1,0.447,6.758,32.900002,4.0776,4,254,17.6,396.899994,3.53
30-40K,0.09604,40,6.41,0,0.447,6.854,42.799999,4.2673,4,254,17.6,396.899994,2.98
30-40K,0.10469,40,6.41,1,0.447,7.267,49,4.7872,4,254,17.6,389.25,6.05
30-40K,0.06127,40,6.41,1,0.447,6.826,27.6,4.8628,4,254,17.6,393.450012,4.16
20-30K,0.07978,40,6.41,0,0.447,6.482,32.099998,4.1403,4,254,17.6,396.899994,7.19
30-40K,0.21038,20,3.33,0,0.4429,6.812,32.200001,4.1007,5,216,14.9,396.899994,4.85
40-50K,0.03578,20,3.33,0,0.4429,7.82,64.5,4.6947,5,216,14.9,387.309998,3.76
30-40K,0.03705,20,3.33,0,0.4429,6.968,37.200001,5.2447,5,216,14.9,392.230011,4.59
40-50K,0.06129,20,3.33,1,0.4429,7.645,49.700001,5.2119,5,216,14.9,377.070007,3.01
50-60K,0.01501,90,1.21,1,0.401,7.923,24.799999,5.885,1,198,13.6,395.519989,3.16
30-40K,0.00906,90,2.97,0,0.4,7.088,20.799999,7.3073,1,285,15.3,394.720001,7.85
20-30K,0.01096,55,2.25,0,0.389,6.453,31.9,7.3073,1,300,15.3,394.720001,8.23
20-30K,0.01965,80,1.76,0,0.385,6.23,31.5,9.0892,1,241,18.200001,341.600006,12.93
20-30K,0.03871,52.5,5.32,0,0.405,6.209,31.299999,7.3172,6,293,16.6,396.899994,7.14
20-30K,0.0459,52.5,5.32,0,0.405,6.315,45.599998,7.3172,6,293,16.6,396.899994,7.6
20-30K,0.04297,52.5,5.32,0,0.405,6.565,22.9,7.3172,6,293,16.6,371.720001,9.51
20-30K,0.03502,80,4.95,0,0.411,6.861,27.9,5.1167,4,245,19.200001,396.899994,3.33
30-40K,0.07886,80,4.95,0,0.411,7.148,27.700001,5.1167,4,245,19.200001,396.899994,3.56
20-30K,0.03615,80,4.95,0,0.411,6.63,23.4,5.1167,4,245,19.200001,396.899994,4.7
20-30K,0.08265,0,13.92,0,0.437,6.127,18.4,5.5027,4,289,16,396.899994,8.58
20-30K,0.08199,0,13.92,0,0.437,6.009,42.299999,5.5027,4,289,16,396.899994,10.4
20-30K,0.12932,0,13.92,0,0.437,6.678,31.1,5.9604,4,289,16,396.899994,6.27
20-30K,0.05372,0,13.92,0,0.437,6.549,51,5.9604,4,289,16,392.850006,7.39
20-30K,0.14103,0,13.92,0,0.437,5.79,58,6.32,4,289,16,396.899994,15.84
20-30K,0.06466,70,2.24,0,0.4,6.345,20.1,7.8278,5,358,14.8,368.23999,4.97
20-30K,0.05561,70,2.24,0,0.4,7.041,10,7.8278,5,358,14.8,371.579987,4.74
20-30K,0.04417,70,2.24,0,0.4,6.871,47.400002,7.8278,5,358,14.8,390.859985,6.07
20-30K,0.03537,34,6.09,0,0.433,6.59,40.400002,5.4917,7,329,16.1,395.75,9.5
20-30K,0.09266,34,6.09,0,0.433,6.495,18.4,5.4917,7,329,16.1,383.609985,8.67
30-40K,0.1,34,6.09,0,0.433,6.982,17.700001,5.4917,7,329,16.1,390.429993,4.86
30-40K,0.05515,33,2.18,0,0.472,7.236,41.099998,4.022,7,222,18.4,393.679993,6.93
20-30K,0.05479,33,2.18,0,0.472,6.616,58.099998,3.37,7,222,18.4,393.359985,8.93
30-40K,0.07503,33,2.18,0,0.472,7.42,71.900002,3.0992,7,222,18.4,396.899994,6.47
20-30K,0.04932,33,2.18,0,0.472,6.849,70.300003,3.1827,7,222,18.4,396.899994,7.53
20-30K,0.49298,0,9.9,0,0.544,6.635,82.5,3.3175,4,304,18.4,396.899994,4.54
20-30K,0.3494,0,9.9,0,0.544,5.972,76.699997,3.1025,4,304,18.4,396.23999,9.97
10-20K,2.63548,0,9.9,0,0.544,4.973,37.799999,2.5194,4,304,18.4,350.450012,12.64
20-30K,0.79041,0,9.9,0,0.544,6.122,52.799999,2.6403,4,304,18.4,396.899994,5.98
10-20K,0.26169,0,9.9,0,0.544,6.023,90.400002,2.834,4,304,18.4,396.299988,11.72
20-30K,0.26938,0,9.9,0,0.544,6.266,82.800003,3.2628,4,304,18.4,393.390015,7.9
20-30K,0.3692,0,9.9,0,0.544,6.567,87.300003,3.6023,4,304,18.4,395.690002,9.28
10-20K,0.25356,0,9.9,0,0.544,5.705,77.699997,3.945,4,304,18.4,396.420013,11.5
10-20K,0.31827,0,9.9,0,0.544,5.914,83.199997,3.9986,4,304,18.4,390.700012,18.33
10-20K,0.24522,0,9.9,0,0.544,5.782,71.699997,4.0317,4,304,18.4,396.899994,15.94
20-30K,0.40202,0,9.9,0,0.544,6.382,67.199997,3.5325,4,304,18.4,395.209991,10.36
20-30K,0.47547,0,9.9,0,0.544,6.113,58.799999,4.0019,4,304,18.4,396.230011,12.73
20-30K,0.1676,0,7.38,0,0.493,6.426,52.299999,4.5404,5,287,19.6,396.899994,7.2
20-30K,0.18159,0,7.38,0,0.493,6.376,54.299999,4.5404,5,287,19.6,396.899994,6.87
20-30K,0.35114,0,7.38,0,0.493,6.041,49.900002,4.7211,5,287,19.6,396.899994,7.7
10-20K,0.28392,0,7.38,0,0.493,5.708,74.300003,4.7211,5,287,19.6,391.130005,11.74
20-30K,0.34109,0,7.38,0,0.493,6.415,40.099998,4.7211,5,287,19.6,396.899994,6.12
20-30K,0.19186,0,7.38,0,0.493,6.431,14.7,5.4159,5,287,19.6,393.679993,5.08
20-30K,0.30347,0,7.38,0,0.493,6.312,28.9,5.4159,5,287,19.6,396.899994,6.15
20-30K,0.24103,0,7.38,0,0.493,6.083,43.700001,5.4159,5,287,19.6,396.899994,12.79
10-20K,0.06617,0,3.24,0,0.46,5.868,25.799999,5.2146,4,430,16.9,382.440002,9.97
20-30K,0.06724,0,3.24,0,0.46,6.333,17.200001,5.2146,4,430,16.9,375.209991,7.34
10-20K,0.04544,0,3.24,0,0.46,6.144,32.200001,5.8736,4,430,16.9,368.570007,9.09
10-20K,0.05023,35,6.06,0,0.4379,5.706,28.4,6.6407,1,304,16.9,394.019989,12.43
10-20K,0.03466,35,6.06,0,0.4379,6.031,23.299999,6.6407,1,304,16.9,362.25,7.83
20-30K,0.05083,0,5.19,0,0.515,6.316,38.099998,6.4584,5,224,20.200001,389.709991,5.68
20-30K,0.03738,0,5.19,0,0.515,6.31,38.5,6.4584,5,224,20.200001,389.399994,6.75
20-30K,0.03961,0,5.19,0,0.515,6.037,34.5,5.9853,5,224,20.200001,396.899994,8.01
10-20K,0.03427,0,5.19,0,0.515,5.869,46.299999,5.2311,5,224,20.200001,396.899994,9.8
10-20K,0.03041,0,5.19,0,0.515,5.895,59.599998,5.615,5,224,20.200001,394.809998,10.56
20-30K,0.03306,0,5.19,0,0.515,6.059,37.299999,4.8122,5,224,20.200001,396.140015,8.51
10-20K,0.05497,0,5.19,0,0.515,5.985,45.400002,4.8122,5,224,20.200001,396.899994,9.74
10-20K,0.06151,0,5.19,0,0.515,5.968,58.5,4.8122,5,224,20.200001,396.899994,9.29
30-40K,0.01301,35,1.52,0,0.442,7.241,49.299999,7.0379,1,284,15.5,394.73999,5.49
10-20K,0.02498,0,1.89,0,0.518,6.54,59.700001,6.2669,1,422,15.9,389.959991,8.65
20-30K,0.02543,55,3.78,0,0.484,6.696,56.400002,5.7321,5,370,17.6,396.899994,7.18
30-40K,0.03049,55,3.78,0,0.484,6.874,28.1,6.4654,5,370,17.6,387.970001,4.61
10-20K,0.03113,0,4.39,0,0.442,6.014,48.5,8.0136,3,352,18.799999,385.640015,10.53
10-20K,0.06162,0,4.39,0,0.442,5.898,52.299999,8.0136,3,352,18.799999,364.609985,12.67
20-30K,0.0187,85,4.15,0,0.429,6.516,27.700001,8.5353,4,351,17.9,392.429993,6.36
20-30K,0.01501,80,2.01,0,0.435,6.635,29.700001,8.344,4,280,17,390.940002,5.99
20-30K,0.02899,40,1.25,0,0.429,6.939,34.5,8.7921,1,335,19.700001,389.850006,5.89
20-30K,0.06211,40,1.25,0,0.429,6.49,44.400002,8.7921,1,335,19.700001,396.899994,5.98
20-30K,0.0795,60,1.69,0,0.411,6.579,35.900002,10.7103,4,411,18.299999,370.779999,5.49
10-20K,0.07244,60,1.69,0,0.411,5.884,18.5,10.7103,4,411,18.299999,392.329987,7.79
30-40K,0.01709,90,2.02,0,0.41,6.728,36.099998,12.1265,5,187,17,384.459991,4.5
10-20K,0.04301,80,1.91,0,0.413,5.663,21.9,10.5857,4,334,22,382.799988,8.05
20-30K,0.10659,80,1.91,0,0.413,5.936,19.5,10.5857,4,334,22,376.040009,5.57
10-20K,8.98296,0,18.1,1,0.77,6.212,97.400002,2.1222,24,666,20.200001,377.730011,17.6
20-30K,3.8497,0,18.1,1,0.77,6.395,91,2.5052,24,666,20.200001,391.339996,13.27
20-30K,5.20177,0,18.1,1,0.77,6.127,83.400002,2.7227,24,666,20.200001,395.429993,11.48
20-30K,4.26131,0,18.1,0,0.77,6.112,81.300003,2.5091,24,666,20.200001,390.73999,12.67
20-30K,4.54192,0,18.1,0,0.77,6.398,88,2.5182,24,666,20.200001,374.559998,7.79
10-20K,3.83684,0,18.1,0,0.77,6.251,91.099998,2.2955,24,666,20.200001,350.649994,14.19
20-30K,3.67822,0,18.1,0,0.77,5.362,96.199997,2.1036,24,666,20.200001,380.790009,10.19
10-20K,4.22239,0,18.1,1,0.77,5.803,89,1.9047,24,666,20.200001,353.040009,14.64
20-30K,3.47428,0,18.1,1,0.718,8.78,82.900002,1.9047,24,666,20.200001,354.549988,5.29
20-30K,4.55587,0,18.1,0,0.718,3.561,87.900002,1.6132,24,666,20.200001,354.700012,7.12
20-30K,3.69695,0,18.1,0,0.718,4.963,91.400002,1.7523,24,666,20.200001,316.029999,14
20-30K,13.5222,0,18.1,0,0.631,3.863,100,1.5106,24,666,20.200001,131.419998,13.33
50-60K,4.89822,0,18.1,0,0.631,4.97,100,1.3325,24,666,20.200001,375.519989,3.26
50-60K,5.66998,0,18.1,1,0.631,6.683,96.800003,1.3567,24,666,20.200001,375.329987,3.73
50-60K,6.53876,0,18.1,1,0.631,7.016,97.5,1.2024,24,666,20.200001,392.049988,2.96
50-60K,9.2323,0,18.1,0,0.631,6.216,100,1.1691,24,666,20.200001,366.149994,9.53
50-60K,8.26725,0,18.1,1,0.668,5.875,89.599998,1.1296,24,666,20.200001,347.880005,8.88
10-20K,11.1081,0,18.1,0,0.668,4.906,100,1.1742,24,666,20.200001,396.899994,34.77
10-20K,18.498199,0,18.1,0,0.668,4.138,100,1.137,24,666,20.200001,396.899994,37.970001
10-20K,19.6091,0,18.1,0,0.671,7.313,97.900002,1.3163,24,666,20.200001,396.899994,13.44
10-20K,15.288,0,18.1,0,0.671,6.649,93.300003,1.3449,24,666,20.200001,363.019989,23.24
10-20K,9.82349,0,18.1,0,0.671,6.794,98.800003,1.358,24,666,20.200001,396.899994,21.24
10-20K,23.648199,0,18.1,0,0.671,6.38,96.199997,1.3861,24,666,20.200001,396.899994,23.690001
10-20K,17.866699,0,18.1,0,0.671,6.223,100,1.3861,24,666,20.200001,393.73999,21.780001
10-20K,88.976196,0,18.1,0,0.671,6.968,91.900002,1.4165,24,666,20.200001,396.899994,17.209999
10-20K,15.8744,0,18.1,0,0.671,6.545,99.099998,1.5192,24,666,20.200001,396.899994,21.08
10-20K,9.18702,0,18.1,0,0.7,5.536,100,1.5804,24,666,20.200001,396.899994,23.6
10-20K,7.99248,0,18.1,0,0.7,5.52,100,1.5331,24,666,20.200001,396.899994,24.559999
0-10K,16.8118,0,18.1,0,0.7,5.277,98.099998,1.4261,24,666,20.200001,396.899994,30.809999
10-20K,24.393801,0,18.1,0,0.7,4.652,100,1.4672,24,666,20.200001,396.899994,28.280001
0-10K,22.597099,0,18.1,0,0.7,5,89.5,1.5184,24,666,20.200001,396.899994,31.99
10-20K,14.3337,0,18.1,0,0.7,4.88,100,1.5895,24,666,20.200001,372.920013,30.620001
10-20K,8.15174,0,18.1,0,0.7,5.39,98.900002,1.7281,24,666,20.200001,396.899994,20.85
10-20K,6.96215,0,18.1,0,0.7,5.713,97,1.9265,24,666,20.200001,394.429993,17.110001
20-30K,5.29305,0,18.1,0,0.7,6.051,82.5,2.1678,24,666,20.200001,378.380005,18.76
0-10K,11.5779,0,18.1,0,0.7,5.036,97,1.77,24,666,20.200001,396.899994,25.68
10-20K,8.64476,0,18.1,0,0.693,6.193,92.599998,1.7912,24,666,20.200001,396.899994,15.17
10-20K,13.3598,0,18.1,0,0.693,5.887,94.699997,1.7821,24,666,20.200001,396.899994,16.35
10-20K,8.71675,0,18.1,0,0.693,6.471,98.800003,1.7257,24,666,20.200001,391.980011,17.120001
10-20K,5.87205,0,18.1,0,0.693,6.405,96,1.6768,24,666,20.200001,396.899994,19.370001
0-10K,7.67202,0,18.1,0,0.693,5.747,98.900002,1.6334,24,666,20.200001,393.100006,19.92
0-10K,38.351799,0,18.1,0,0.693,5.453,100,1.4896,24,666,20.200001,396.899994,30.59
0-10K,9.91655,0,18.1,0,0.693,5.852,77.800003,1.5004,24,666,20.200001,338.160004,29.969999
0-10K,25.046101,0,18.1,0,0.693,5.987,100,1.5888,24,666,20.200001,396.899994,26.77
0-10K,14.2362,0,18.1,0,0.693,6.343,100,1.5741,24,666,20.200001,396.899994,20.32
10-20K,9.59571,0,18.1,0,0.693,6.404,100,1.639,24,666,20.200001,376.109985,20.309999
0-10K,24.801701,0,18.1,0,0.693,5.349,96,1.7028,24,666,20.200001,396.899994,19.77
0-10K,41.529202,0,18.1,0,0.693,5.531,85.400002,1.6074,24,666,20.200001,329.459991,27.379999
0-10K,67.920799,0,18.1,0,0.693,5.683,100,1.4254,24,666,20.200001,384.970001,22.98
10-20K,20.7162,0,18.1,0,0.659,4.138,100,1.1781,24,666,20.200001,370.220001,23.34
20-30K,11.9511,0,18.1,0,0.659,5.608,100,1.2852,24,666,20.200001,332.089996,12.13
10-20K,7.40389,0,18.1,0,0.597,5.617,97.900002,1.4547,24,666,20.200001,314.640015,26.4
20-30K,14.4383,0,18.1,0,0.597,6.852,100,1.4655,24,666,20.200001,179.360001,19.780001
10-20K,51.135799,0,18.1,0,0.597,5.757,100,1.413,24,666,20.200001,2.6,10.11
10-20K,14.0507,0,18.1,0,0.597,6.657,100,1.5275,24,666,20.200001,35.049999,21.219999
10-20K,18.811001,0,18.1,0,0.597,4.628,100,1.5539,24,666,20.200001,28.790001,34.369999
10-20K,28.6558,0,18.1,0,0.597,5.155,100,1.5894,24,666,20.200001,210.970001,20.08
0-10K,45.746101,0,18.1,0,0.693,4.519,100,1.6582,24,666,20.200001,88.269997,36.98
0-10K,18.0846,0,18.1,0,0.679,6.434,100,1.8347,24,666,20.200001,27.25,29.049999
0-10K,10.8342,0,18.1,0,0.679,6.782,90.800003,1.8195,24,666,20.200001,21.57,25.790001
10-20K,25.940599,0,18.1,0,0.679,5.304,89.099998,1.6475,24,666,20.200001,127.360001,26.639999
0-10K,73.534103,0,18.1,0,0.679,5.957,100,1.8026,24,666,20.200001,16.450001,20.620001
0-10K,11.8123,0,18.1,0,0.718,6.824,76.5,1.794,24,666,20.200001,48.450001,22.74
10-20K,11.0874,0,18.1,0,0.718,6.411,100,1.8589,24,666,20.200001,318.75,15.02
10-20K,7.02259,0,18.1,0,0.718,6.006,95.300003,1.8746,24,666,20.200001,319.980011,15.7
20-30K,12.0482,0,18.1,0,0.614,5.648,87.599998,1.9512,24,666,20.200001,291.549988,14.1
10-20K,7.05042,0,18.1,0,0.614,6.103,85.099998,2.0218,24,666,20.200001,2.52,23.290001
10-20K,8.79212,0,18.1,0,0.584,5.565,70.599998,2.0635,24,666,20.200001,3.65,17.16
0-10K,15.8603,0,18.1,0,0.679,5.896,95.400002,1.9096,24,666,20.200001,7.68,24.389999
10-20K,12.2472,0,18.1,0,0.584,5.837,59.700001,1.9976,24,666,20.200001,24.65,15.69
10-20K,37.6619,0,18.1,0,0.679,6.202,78.699997,1.8629,24,666,20.200001,18.82,14.52
10-20K,7.36711,0,18.1,0,0.679,6.193,78.099998,1.9356,24,666,20.200001,96.730003,21.52
0-10K,9.33889,0,18.1,0,0.679,6.38,95.599998,1.9682,24,666,20.200001,60.720001,24.08
10-20K,8.49213,0,18.1,0,0.584,6.348,86.099998,2.0527,24,666,20.200001,83.449997,17.639999
10-20K,10.0623,0,18.1,0,0.584,6.833,94.300003,2.0882,24,666,20.200001,81.330002,19.690001
10-20K,6.44405,0,18.1,0,0.584,6.425,74.800003,2.2004,24,666,20.200001,97.949997,12.03
10-20K,5.58107,0,18.1,0,0.713,6.436,87.900002,2.3158,24,666,20.200001,100.190002,16.219999
10-20K,13.9134,0,18.1,0,0.713,6.208,95,2.2222,24,666,20.200001,100.629997,15.17
10-20K,11.1604,0,18.1,0,0.74,6.629,94.599998,2.1247,24,666,20.200001,109.849998,23.27
0-10K,14.4208,0,18.1,0,0.74,6.461,93.300003,2.0026,24,666,20.200001,27.49,18.049999
0-10K,15.1772,0,18.1,0,0.74,6.152,100,1.9142,24,666,20.200001,9.32,26.450001
0-10K,13.6781,0,18.1,0,0.74,5.935,87.900002,1.8206,24,666,20.200001,68.949997,34.02
10-20K,9.39063,0,18.1,0,0.74,5.627,93.900002,1.8172,24,666,20.200001,396.899994,22.879999
10-20K,22.0511,0,18.1,0,0.74,5.818,92.400002,1.8662,24,666,20.200001,391.450012,22.110001
10-20K,9.72418,0,18.1,0,0.74,6.406,97.199997,2.0651,24,666,20.200001,385.959991,19.52
10-20K,5.66637,0,18.1,0,0.74,6.219,100,2.0048,24,666,20.200001,395.690002,16.59
10-20K,9.96654,0,18.1,0,0.74,6.485,100,1.9784,24,666,20.200001,386.730011,18.85
10-20K,12.8023,0,18.1,0,0.74,5.854,96.599998,1.8956,24,666,20.200001,240.520004,23.790001
10-20K,10.6718,0,18.1,0,0.74,6.459,94.800003,1.9879,24,666,20.200001,43.060001,23.98
10-20K,6.28807,0,18.1,0,0.74,6.341,96.400002,2.072,24,666,20.200001,318.01001,17.790001
10-20K,9.92485,0,18.1,0,0.74,6.251,96.599998,2.198,24,666,20.200001,388.519989,16.440001
10-20K,9.32909,0,18.1,0,0.713,6.185,98.699997,2.2616,24,666,20.200001,396.899994,18.129999
10-20K,7.52601,0,18.1,0,0.713,6.417,98.300003,2.185,24,666,20.200001,304.209991,19.309999
10-20K,6.71772,0,18.1,0,0.713,6.749,92.599998,2.3236,24,666,20.200001,0.32,17.440001
10-20K,5.44114,0,18.1,0,0.713,6.655,98.199997,2.3552,24,666,20.200001,355.290009,17.73
10-20K,5.09017,0,18.1,0,0.713,6.297,91.800003,2.3682,24,666,20.200001,385.089996,17.27
10-20K,8.24809,0,18.1,0,0.713,7.393,99.300003,2.4527,24,666,20.200001,375.869995,16.74
10-20K,9.51363,0,18.1,0,0.713,6.728,94.099998,2.4961,24,666,20.200001,6.68,18.709999
10-20K,4.75237,0,18.1,0,0.713,6.525,86.5,2.4358,24,666,20.200001,50.919998,18.129999
10-20K,4.66883,0,18.1,0,0.713,5.976,87.900002,2.5806,24,666,20.200001,10.48,19.01
10-20K,8.20058,0,18.1,0,0.713,5.936,80.300003,2.7792,24,666,20.200001,3.5,16.940001
10-20K,7.75223,0,18.1,0,0.713,6.301,83.699997,2.7831,24,666,20.200001,272.209991,16.23
20-30K,6.80117,0,18.1,0,0.713,6.081,84.400002,2.7175,24,666,20.200001,396.899994,14.7
10-20K,4.81213,0,18.1,0,0.713,6.701,90,2.5975,24,666,20.200001,255.229996,16.42
10-20K,3.69311,0,18.1,0,0.713,6.376,88.400002,2.5671,24,666,20.200001,391.429993,14.65
10-20K,6.65492,0,18.1,0,0.713,6.317,83,2.7344,24,666,20.200001,396.899994,13.99
20-30K,5.82115,0,18.1,0,0.713,6.513,89.900002,2.8016,24,666,20.200001,393.820007,10.29
20-30K,7.83932,0,18.1,0,0.655,6.209,65.400002,2.9634,24,666,20.200001,396.899994,13.22
10-20K,3.1636,0,18.1,0,0.655,5.759,48.200001,3.0665,24,666,20.200001,334.399994,14.13
10-20K,3.77498,0,18.1,0,0.655,5.952,84.699997,2.8715,24,666,20.200001,22.01,17.15
10-20K,4.42228,0,18.1,0,0.584,6.003,94.5,2.5403,24,666,20.200001,331.290009,21.32
10-20K,15.5757,0,18.1,0,0.58,5.926,71,2.9084,24,666,20.200001,368.73999,18.129999
20-30K,13.0751,0,18.1,0,0.58,5.713,56.700001,2.8237,24,666,20.200001,396.899994,14.76
10-20K,4.34879,0,18.1,0,0.58,6.167,84,3.0334,24,666,20.200001,396.899994,16.290001
10-20K,4.03841,0,18.1,0,0.532,6.229,90.699997,3.0993,24,666,20.200001,395.329987,12.87
20-30K,3.56868,0,18.1,0,0.58,6.437,75,2.8965,24,666,20.200001,393.369995,14.36
20-30K,4.64689,0,18.1,0,0.614,6.98,67.599998,2.5329,24,666,20.200001,374.679993,11.66
10-20K,8.05579,0,18.1,0,0.584,5.427,95.400002,2.4298,24,666,20.200001,352.579987,18.139999
10-20K,6.39312,0,18.1,0,0.584,6.162,97.400002,2.206,24,666,20.200001,302.76001,24.1
10-20K,4.87141,0,18.1,0,0.614,6.484,93.599998,2.3053,24,666,20.200001,396.209991,18.68
10-20K,15.0234,0,18.1,0,0.614,5.304,97.300003,2.1007,24,666,20.200001,349.480011,24.91
10-20K,10.233,0,18.1,0,0.614,6.185,96.699997,2.1705,24,666,20.200001,379.700012,18.030001
20-30K,14.3337,0,18.1,0,0.614,6.229,88,1.9512,24,666,20.200001,383.320007,13.11
20-30K,5.82401,0,18.1,0,0.532,6.242,64.699997,3.4242,24,666,20.200001,396.899994,10.74
20-30K,5.70818,0,18.1,0,0.532,6.75,74.900002,3.3317,24,666,20.200001,393.070007,7.74
20-30K,5.73116,0,18.1,0,0.532,7.061,77,3.4106,24,666,20.200001,395.279999,7.01
20-30K,2.81838,0,18.1,0,0.532,5.762,40.299999,4.0983,24,666,20.200001,392.920013,10.42
20-30K,2.37857,0,18.1,0,0.583,5.871,41.900002,3.724,24,666,20.200001,370.730011,13.34
20-30K,3.67367,0,18.1,0,0.583,6.312,51.900002,3.9917,24,666,20.200001,388.619995,10.58
10-20K,5.69175,0,18.1,0,0.583,6.114,79.800003,3.5459,24,666,20.200001,392.679993,14.98
20-30K,4.83567,0,18.1,0,0.583,5.905,53.200001,3.1523,24,666,20.200001,388.220001,11.45
10-20K,0.15086,0,27.74,0,0.609,5.454,92.699997,1.8209,4,711,20.1,395.089996,18.059999
0-10K,0.18337,0,27.74,0,0.609,5.414,98.300003,1.7554,4,711,20.1,344.049988,23.969999
0-10K,0.20746,0,27.74,0,0.609,5.093,98,1.8226,4,711,20.1,318.429993,29.68
10-20K,0.10574,0,27.74,0,0.609,5.983,98.800003,1.8681,4,711,20.1,390.109985,18.07
20-30K,0.11132,0,27.74,0,0.609,5.983,83.5,2.1099,4,711,20.1,396.899994,13.35
20-30K,0.17331,0,9.69,0,0.585,5.707,54,2.3817,6,391,19.200001,396.899994,12.01
20-30K,0.27957,0,9.69,0,0.585,5.926,42.599998,2.3817,6,391,19.200001,396.899994,13.59
20-30K,0.17899,0,9.69,0,0.585,5.67,28.799999,2.7986,6,391,19.200001,393.290009,17.6
10-20K,0.2896,0,9.69,0,0.585,5.39,72.900002,2.7986,6,391,19.200001,396.899994,21.139999
10-20K,0.26838,0,9.69,0,0.585,5.794,70.599998,2.8927,6,391,19.200001,396.899994,14.1
20-30K,0.23912,0,9.69,0,0.585,6.019,65.300003,2.4091,6,391,19.200001,396.899994,12.92
10-20K,0.17783,0,9.69,0,0.585,5.569,73.5,2.3999,6,391,19.200001,395.769989,15.1
10-20K,0.22438,0,9.69,0,0.585,6.027,79.699997,2.4982,6,391,19.200001,396.899994,14.33
20-30K,0.06263,0,11.93,0,0.573,6.593,69.099998,2.4786,1,273,21,391.98999,9.67
20-30K,0.04527,0,11.93,0,0.573,6.12,76.699997,2.2875,1,273,21,396.899994,9.08
20-30K,0.06076,0,11.93,0,0.573,6.976,91,2.1675,1,273,21,396.899994,5.64
20-30K,0.10959,0,11.93,0,0.573,6.794,89.300003,2.3889,1,273,21,393.450012,6.48
10-20K,0.04741,0,11.93,0,0.573,6.03,80.800003,2.505,1,273,21,396.899994,7.88
